task,task_type,trial,rotation_angle_deg,34,30,28,16,18,36,22,38,2,4,24,20,32,10,8,26
practice_reaches,cursor,1,0,nan,16.49,17.09,-8.35,0.58,1.84,-4.3,1.91,9.77,15.53,13.84,-80.04,20.75,-0.57,12.68,26.57
practice_reaches,cursor,2,0,17.09,2.79,1.84,17.45,6.29,-10.4,3.52,25.27,1.44,-2.76,-4.75,7.61,5.86,-6.47,-13.08,-8.81
practice_reaches,cursor,3,0,3.79,6,-4.74,-3.71,-3.9,10.23,4.55,-11.23,-1.2,4.49,0.81,2.56,19.25,18.83,-7.9,0.84
practice_reaches,cursor,4,0,3.33,12.2,2.1,-4.5,-3.1,4.43,-2.78,11.08,10.48,2.03,-0.28,4.14,5.79,-3.84,-4.78,-0.9
practice_reaches,cursor,5,0,5.58,5.22,5.16,7.98,5.34,2.53,6.51,11.99,10.97,-3.76,3.62,3.22,3.19,11.06,6.42,9.87
practice_reaches,cursor,6,0,-5.1,1.85,-0.88,-1.76,2.02,8.79,3.93,6.43,2.05,1.09,3.58,7.52,nan,2.63,-0.54,8.67
practice_no-cursor,no_cursor,1,0,-4.86,18.43,0.99,-5.12,-14.62,-0.91,2.05,-9.37,7.47,11.61,4.61,9.53,-2.25,-1.86,-4.71,14.19
practice_no-cursor,no_cursor,2,0,10.22,6.34,-6.61,12.68,0,-1.38,-3.97,-2.12,-4.06,-2.73,6.2,1.8,4.45,-5.01,5.26,-9.74
practice_no-cursor,no_cursor,3,0,2.99,-7.03,5.87,-1.62,4.73,8.24,-5.57,9.06,1.5,-6.87,-1.22,12.23,-3.81,-1.16,1.85,-2.63
practice_no-cursor,no_cursor,4,0,-0.6,-4.58,12.71,-13.22,1.04,0.63,-2.3,0.59,3.49,-11.79,2.89,-3.87,1.12,7.58,2.84,6.87
practice_no-cursor,no_cursor,5,0,13.21,-2.92,9.76,2.58,5.34,8.19,3.44,5.02,3.29,4.52,5.33,4.71,4.52,0.56,7.06,-6.59
practice_no-cursor,no_cursor,6,0,2.77,5.47,-1.24,3.79,-2.83,7.84,7.77,7.21,2,1.78,9.05,8.99,4.49,1.8,-9.49,33.31
aligned_traning_1,cursor,1,0,-3.18,-0.18,6.16,-2.76,-2.36,7.89,-2.51,8.42,4.92,-0.96,4.62,12.28,1.97,6.21,-11.56,-2.46
aligned_traning_1,cursor,2,0,-1.54,7.03,-3.95,2.95,2.54,7.95,0.41,0.79,3.07,-6.43,9.31,-3.03,-7.36,3.81,-4.49,2.56
aligned_traning_1,cursor,3,0,8.67,2.69,1.19,12.21,-9.49,-3.34,-2.28,-1.69,3.34,-5.25,4.84,-2.22,-0.9,-4.04,-6.34,5.67
aligned_traning_1,cursor,4,0,-4.83,3.21,-0.82,0.41,-3,7.27,-3.56,0.3,-3.49,-8.66,0.87,0.87,10.3,-7.05,0.27,10.3
aligned_traning_1,cursor,5,0,7.45,9.88,-0.95,17.2,-1.87,-0.43,-0.38,7.55,6.47,-6.25,-1.23,2.56,-1.23,11.55,-3.18,-4.19
aligned_traning_1,cursor,6,0,-6.77,0,-1.9,1.41,12.46,7.54,1.56,0.97,2.74,-7.3,4.68,7.61,2.41,-2.73,-4.37,-0.74
aligned_traning_1,cursor,7,0,-3.84,4.89,3.25,-1.24,2.94,5.92,2.47,-0.87,-0.91,0.41,6.38,5.45,-7.23,-0.29,-5.01,2.89
aligned_traning_1,cursor,8,0,3.23,5.19,-6.34,11.75,-8.62,-8.29,-4.95,10.89,4.18,-1.76,-1.87,-0.4,-0.75,-5.31,-6.97,-0.57
aligned_traning_1,cursor,9,0,7.78,4.81,-2.77,-4.3,3.63,4.13,-1.34,6.57,0.4,4.17,6.91,-1.21,2.69,10.81,-5.01,5.46
aligned_traning_1,cursor,10,0,5.16,3.41,2.47,-2.49,7.5,1.45,0.86,7.15,5.3,4.35,2.65,5.19,-0.45,14.04,-4.87,-6.92
aligned_traning_1,cursor,11,0,-2.2,1.32,4.69,1.19,-5.5,-0.78,-0.78,0,4.74,-2.9,4.46,-0.76,-8.65,-4.34,-1.23,6.75
aligned_traning_1,cursor,12,0,11.88,2.31,-4.57,4.07,-1.44,-17.7,0.57,4.86,-1.83,0.61,9.83,0.89,7.51,-5.68,1.28,2.97
aligned_traning_1,cursor,13,0,1.77,0.18,-4.29,7.38,-0.58,-0.27,1.3,4.4,-0.59,1.56,2.7,1.98,-6.76,-4.1,0,3.47
aligned_traning_1,cursor,14,0,-1.08,3.65,6.01,-4.81,4.65,-2.44,1.09,5.05,2.03,-4.31,2.24,6.29,2.1,10.52,-5.19,-0.59
aligned_traning_1,cursor,15,0,-2.27,3.87,-6.96,1.53,-0.79,7.42,-0.87,1.67,8.62,-4.86,-1.04,0.42,6.02,-0.58,4.98,4.01
aligned_traning_1,cursor,16,0,1.08,-0.77,-2.21,-4.81,-2.45,15.57,-3.56,6.04,-2.29,2.99,10.66,2.71,-0.92,-0.6,-3.33,-2
aligned_traning_1,cursor,17,0,-2.19,1.07,7.47,3.12,0.8,9.36,2.24,4.6,4.81,9.19,7.3,2.85,-1.03,-5.77,9.79,-2.31
aligned_traning_1,cursor,18,0,6.25,1.43,-5.31,9.16,-1.13,10.57,2.11,-0.3,5.54,nan,19.83,1.51,4.6,11.24,-11.47,10.73
aligned_traning_1,cursor,19,0,3.27,5.96,10.76,10.2,-7.13,7.81,-2.4,1.57,3.07,3.32,2.45,2.54,-6.69,11.38,-12.96,nan
aligned_traning_1,cursor,20,0,-5.25,7.67,-8.93,-0.83,0.56,-3.37,0.8,-4.53,5.71,-0.29,1.01,-2.46,-3.48,0,0.63,-1.74
aligned_traning_1,cursor,21,0,1.81,2.04,-0.29,0,-2.84,-8.82,2.74,11.31,4.2,0.63,2.73,7.15,3.46,-4.97,-14.4,1.86
aligned_traning_1,cursor,22,0,14.81,2.81,5.58,4.71,-2.04,12.65,-1.06,-6.99,2.15,8.91,13.62,-1.22,-5.53,-1.51,-15.56,1.3
aligned_traning_1,cursor,23,0,-1.47,6.63,2.47,-1.63,3.44,-8.43,-4.86,5.25,0.29,0.83,-1.12,0,10.99,8.02,-2.36,-1.41
aligned_traning_1,cursor,24,0,-0.87,1.15,-1.56,4.72,-0.6,-0.19,3.37,14.61,4.83,-5.23,0.55,2.56,5.74,-3.85,-4.62,3.69
aligned_traning_1,cursor,25,0,-0.63,0,3.28,0.78,-5.07,6.37,7.28,5.29,2.26,-7.71,5.43,0.98,2.31,-7.23,0.71,4.96
aligned_traning_1,cursor,26,0,10.2,-0.75,4.32,5.77,6.57,-22.17,-6.7,14.34,-4.13,-1.43,5.73,4.54,9.44,12.58,-5.23,1.44
aligned_traning_1,cursor,27,0,-6.37,-0.59,0,4.95,-2.53,-2.51,-5.19,8.37,3.61,-2.29,1.68,7.13,-6.68,1.21,0,-7.49
aligned_traning_1,cursor,28,0,-7.83,-4.33,0.21,-4.81,2.65,-1.87,4.78,16,1.49,-2.04,2.35,-1.03,-4.55,-1.45,0,-2.12
aligned_traning_1,cursor,29,0,7.25,-2.78,-2.79,-1.97,1.8,5.43,2.84,0.73,5.71,-3.25,6.22,4.51,10.28,-9.03,2.56,5.32
aligned_traning_1,cursor,30,0,-7.03,-2.56,-2.38,0.59,11.89,1.74,-5.62,1.09,-1.92,0.42,-1.81,0.58,6.45,6.47,2.39,7.15
aligned_traning_1,cursor,31,0,2.27,-0.21,6.46,19.23,9.33,1.17,-2.83,8.59,-2.11,0.86,4.31,1.29,10.53,-0.54,-1.85,-0.38
aligned_traning_1,cursor,32,0,0,2.89,-0.61,nan,2.86,16.81,1.26,-11.46,2.75,6.61,8.76,-1.26,-1.27,-7.15,3.48,-4.87
aligned_traning_1,cursor,33,0,7.57,2.95,nan,9.15,-3.1,-2.86,-0.8,19.83,7.84,1.7,2.17,7.33,-4.1,-2.52,0.52,-1.54
aligned_traning_1,cursor,34,0,0.2,0.61,-0.49,3.29,2.13,8.21,nan,17.12,-2.05,7.77,-2.82,-2.89,-2.25,-0.9,15.58,0.43
aligned_traning_1,cursor,35,0,-2.38,6.77,0.65,-0.42,3.95,4.73,0,13.45,2.27,1.09,3.4,1.01,11.7,11.31,2.85,0
aligned_traning_1,cursor,36,0,-0.31,6.1,4.06,-2.4,6.99,-1.56,2.08,-11.47,2.73,-2.54,7.49,-1.28,7.54,-7.22,-3.81,-2.59
aligned_traning_1,cursor,37,0,1.26,4.79,2.18,-2.54,2.37,1.82,-2.08,4.76,5.38,-0.61,2.47,-3.6,9.54,12.39,-20.95,1.18
aligned_traning_1,cursor,38,0,-1.97,1.36,-0.35,-8.59,2,0.95,-0.8,-6.55,6.29,-2.51,-0.81,4.34,-4.18,0,-6.75,1.2
aligned_traning_1,cursor,39,0,-0.42,-4.17,-3.98,6.16,1.1,3.71,4.19,19.89,6.48,-0.29,0,2.56,6.21,-4.62,-3.43,-3.32
aligned_traning_1,cursor,40,0,-2.94,1.44,5.36,6.19,-3.88,7.35,-3.97,-6.6,-0.28,-3.87,4.7,8.35,8.88,0.57,8.48,nan
aligned_traning_1,cursor,41,0,1.72,2.19,2.42,4.94,9.32,0.56,5.89,19.36,0.59,2.92,-5.53,-0.72,0.75,7.05,3.31,-3.39
aligned_traning_1,cursor,42,0,1.46,-3.2,-4.07,1.87,-0.65,-1.36,-3.03,-2.37,2.26,-0.2,3.63,4.84,-4.85,-3.65,4.71,1.12
aligned_traning_1,cursor,43,0,2.56,0.2,2.55,0.57,-2.51,2.88,0.2,5.52,5.41,-1.61,nan,4.96,8.23,5.67,-6.04,6.64
aligned_traning_1,cursor,44,0,7.5,-0.2,9.93,10.93,-1.23,nan,-5.87,-8.97,3.01,12.45,2.02,5.34,-3.88,-2.94,1.12,3.44
aligned_traning_1,cursor,45,0,-5.76,-0.27,-0.91,-2.71,2.58,5.99,-4.16,13.52,1.19,0.8,10.37,6.29,9.17,0,0.91,8.33
no-cursor_baseline_1,no_cursor,1,0,-2.33,-2.97,12.05,-7.59,4.43,7.02,4.34,2.9,6.25,-5.32,-11.95,13.26,-3.67,-1.01,-7.23,6.56
no-cursor_baseline_1,no_cursor,2,0,1.61,9.65,2.52,-0.22,4.31,14.04,-0.98,-2.03,-1.06,2.51,2.64,5.35,6.94,3.76,-2.83,-0.19
no-cursor_baseline_1,no_cursor,3,0,-6.52,-3.39,-1.18,3.49,1.4,-2.58,-9.17,3.7,-0.29,3.32,4.92,7.57,-12.17,1.4,-8.07,0.82
no-cursor_baseline_1,no_cursor,4,0,-0.28,-0.6,6.84,5.4,0,3.06,-5.65,-16.66,3.63,6.7,5.51,9.89,5.05,2.83,-1.83,-2.89
no-cursor_baseline_1,no_cursor,5,0,-1.12,8.07,1.87,2.37,0.82,4.75,-5.55,10.87,4.1,-7.47,7.65,-3.55,-5.79,0.21,-7.28,-1.96
no-cursor_baseline_1,no_cursor,6,0,4.2,2.54,0.29,5.16,5.58,-6.39,0.64,3.81,0.52,-2.89,8.9,6.21,5.41,-6.15,-9.67,20.48
no-cursor_baseline_1,no_cursor,7,0,10.06,9.63,0.21,8.86,-0.29,5.77,-7.05,3.65,-8.18,-13.13,5.15,0.62,8.34,10.89,5.4,17.28
no-cursor_baseline_1,no_cursor,8,0,-3.64,4.94,4.6,5.38,3.76,-8.13,-10.71,9.15,-2.79,-4.76,6.61,6.25,-6.18,-14.04,-9.34,-9.67
no-cursor_baseline_1,no_cursor,9,0,0.59,-3.98,-1.77,10.03,1.87,12.65,-10.83,2.59,4.5,-0.83,2.73,14.09,-2.6,-1.43,6.51,-10.06
aligned_training_2,cursor,1,0,13.02,-2.57,-4.78,5.29,0,6.12,-5.58,4.49,2.48,6.11,7.54,18.57,3.26,-3.93,10.77,8.52
aligned_training_2,cursor,2,0,-5.65,4.89,-5.09,5.49,3.67,10.62,-5.74,-0.54,-2.08,2.22,3.19,-2.97,1.22,10.46,-6.59,-11.08
aligned_training_2,cursor,3,0,-1.19,3.53,0.69,-6.05,2.39,-5.61,4.24,4.6,-0.37,0.21,12.25,-3.42,-0.2,-10.21,-11.48,6.37
aligned_training_2,cursor,4,0,-7.56,4.86,0.55,-4.7,-4.44,3.67,2.63,16.94,-1.96,5.71,8,6.01,4.74,-2.49,13.22,5.54
aligned_training_2,cursor,5,0,7.05,6.14,0,3.66,-0.18,6.18,-1.22,0,2.69,-4.27,-1.28,-1.91,6.25,8.91,-6.24,4.09
aligned_training_2,cursor,6,0,-0.41,-2.66,0,1.65,2.36,2.97,-0.84,-11.85,-2.85,7,8.53,3.55,3.89,-6.07,2.03,3.27
aligned_training_2,cursor,7,0,-4.13,-5.69,6.05,-4.42,-11.02,12.82,-2.26,11.2,-1.63,1.71,10.77,-4.09,2.05,8.97,-3.72,-0.8
aligned_training_2,cursor,8,0,6.68,3.63,0.81,15.73,3.2,-0.82,0.8,-11.45,1.07,-1.33,4.82,0.2,4.75,2.97,-1.86,2.78
aligned_training_2,cursor,9,0,2.58,3.47,2.09,10.3,12.09,7.79,5.95,23.05,-2.98,4.72,-0.3,4.21,-0.18,-4.37,1.9,4.27
aligned_training_2,cursor,10,0,-0.55,2.12,-4.62,-1.08,1.08,4.32,4.27,13.85,0.61,3.24,0.57,-0.83,-6.04,0.9,3.11,nan
aligned_training_2,cursor,11,0,-0.55,-1.14,-0.82,4.09,-0.41,-0.78,-1.95,16.54,4.72,3.87,6.63,-3.21,3.79,6.26,-28.59,0.18
aligned_training_2,cursor,12,0,5.08,4.59,4.28,10.45,4.43,nan,1.63,-6.67,-1.99,7.86,2.05,7.38,1.64,-7.05,0.94,0.22
aligned_training_2,cursor,13,0,0,4.07,0.26,4.78,1.19,-24.7,2.44,-7.31,-1.19,6.54,-1.17,5.6,0.59,7.9,-2.47,11.81
aligned_training_2,cursor,14,0,-3.26,7.26,-4.54,2.32,2.76,8.25,3.39,1.82,-1.06,5.4,5.26,10.71,-1.22,1.11,-0.85,8.69
aligned_training_2,cursor,15,0,3.52,0.87,1.71,-0.29,2.95,8.64,-2.2,0.58,-2.81,-3.14,2.44,2.92,6.83,-13.24,6.34,-9.49
aligned_training_2,cursor,16,0,-3.43,5.04,-0.78,3.08,1.39,37.99,-1.78,9.37,1.11,-1.4,1.21,-3.69,5.45,-1.92,26.69,2.81
aligned_training_2,cursor,17,0,1.07,6.8,-5.1,-0.95,-3.92,0,7.53,-7.25,0.43,-6.3,3.99,1.68,1.87,9.49,2.51,2.05
aligned_training_2,cursor,18,0,-3.09,1.95,-0.18,-2.4,6.16,2.31,-1.6,15.22,-0.64,8.08,-0.4,4.81,6.6,-4.73,11.95,5.39
aligned_training_2,cursor,19,0,-6.47,9.32,nan,2.1,4.96,6.54,7.59,10.67,0,2.48,-0.84,2.12,1.52,17.03,26.37,-1.41
aligned_training_2,cursor,20,0,1.53,-4.7,-1.01,5.01,5.65,-2.69,-6.21,4.67,4.3,-3.34,3.81,4.66,4.99,-11.02,-10.18,-4.45
aligned_training_2,cursor,21,0,4.46,-0.63,-4.53,-0.34,-0.59,4.69,3.03,6.05,3.35,7.33,0.28,-3.41,0.65,-7.34,-6.87,2.29
no-cursor_baseline_2,no_cursor,1,0,-1.02,0,6.16,-8.83,0.61,9.49,-4.34,5.45,-7.74,6.21,1.01,2.33,-4.9,-6.63,-10.97,7.36
no-cursor_baseline_2,no_cursor,2,0,3.83,10.81,2.16,-5.24,-4.88,-1.07,-3.46,1.93,4.06,2.68,-5.92,-1.58,5.6,7.82,3.95,6.97
no-cursor_baseline_2,no_cursor,3,0,7.31,-3.3,-1.79,8.97,9.26,-0.36,-2.88,1.72,4,5.12,-0.28,15.95,-1.69,-13.26,-6.51,-9.65
no-cursor_baseline_2,no_cursor,4,0,0.25,3.01,-0.28,8.33,9.6,7.54,-4.66,6.49,5.49,-6.21,2.54,11.71,7.32,9.3,8.66,-7.53
no-cursor_baseline_2,no_cursor,5,0,-2.54,-1.81,11.78,3.76,4.06,13.74,-16.5,8.88,5.35,7.75,-3.98,3.69,3.81,-1.53,-0.54,-1.6
no-cursor_baseline_2,no_cursor,6,0,5.03,-11.24,-4.21,5.69,7.92,-11.98,-6.05,11.73,-4.57,-5.35,7.17,-4.64,-10.57,-18.94,-8.26,12.76
no-cursor_baseline_2,no_cursor,7,0,10.13,-3.9,-9.84,6.51,11.78,-15.29,-18.8,9.58,-4.59,-7.02,10.61,8.49,-4.19,17.16,2.51,2.29
no-cursor_baseline_2,no_cursor,8,0,6.6,-4.1,-0.89,2.64,-3.63,-3.21,-8.07,8.89,-0.4,-8.37,5.27,-5.91,5.8,-8.3,-7.16,-1.66
no-cursor_baseline_2,no_cursor,9,0,2.9,-0.38,10.55,2.84,0.58,0.4,-6.03,4.5,-0.89,16.89,2.18,11.45,6.38,-19.88,-5.61,-11.39
rotated_training_15,cursor,1,-15,7.28,-2.73,2.77,4.51,9.87,3.84,nan,1.3,4.43,3.39,nan,15.67,0.86,-3.41,7.48,nan
rotated_training_15,cursor,2,-15,1.83,7.82,3.85,-1.89,3.76,2.77,7.7,7.83,1.12,11.68,6.99,11.23,5.38,16.11,6.01,nan
rotated_training_15,cursor,3,-15,4.09,3.96,10.3,4.64,4.54,9.51,9.66,9.15,8.17,8.48,13.9,14.18,8.89,7.75,14.7,14.85
rotated_training_15,cursor,4,-15,8.53,2.19,7.63,10.3,9.13,12.69,7.5,4.93,9.31,14.62,10.65,9.74,10.58,3.6,11.64,-3.67
rotated_training_15,cursor,5,-15,13.09,9.15,5.37,12.61,13.8,14.04,7.59,2.83,7.49,12.62,7.27,7.88,7.01,7.59,14.33,14.11
rotated_training_15,cursor,6,-15,8.43,10.64,6.9,-2.14,nan,0.83,2.47,11.93,15.52,16.78,-0.22,13.69,8.44,10.66,14.48,9.19
rotated_training_15,cursor,7,-15,12.91,8.91,8.47,9.74,9.09,7.17,12.3,13.47,17.64,10.15,5.96,17,13.03,10.09,-2.64,3.83
rotated_training_15,cursor,8,-15,11.71,1.86,16.57,10.77,14.08,8.13,5.04,7.28,5.71,13.12,10.25,14.6,10.06,10.29,13.31,22.08
rotated_training_15,cursor,9,-15,8.03,7.54,9.12,14.18,13.5,10.12,12.32,12.74,10.11,11.46,14.55,7.96,9.81,15.57,11.09,-9.64
rotated_training_15,cursor,10,-15,11.37,10.06,18.31,18.07,12.44,15.79,7.35,12.26,12.64,12.79,6.47,7.92,6.24,6.83,-17.68,3.34
rotated_training_15,cursor,11,-15,11.07,10.79,7.62,19.58,14.64,8.7,12.25,9.53,7.39,15.01,12.11,28.1,15.15,5.05,6.16,15.95
rotated_training_15,cursor,12,-15,7.8,5.69,13.44,18.22,8.97,6.38,8.93,6.53,12.88,5.33,13.76,1.06,6.7,16,5.09,9.96
rotated_training_15,cursor,13,-15,15.29,7.54,8.6,1.7,14.5,18.68,10.83,15.92,14.64,10.62,13.35,8.36,11.75,7.9,10.01,12.97
rotated_training_15,cursor,14,-15,8.97,12.53,13.76,14.43,4.66,17.78,6.95,6.37,13.22,9.53,15.73,7.01,16.63,21.84,9.52,0.42
rotated_training_15,cursor,15,-15,9.42,14.32,8.13,16.34,10.84,13.17,13.3,13.35,9.6,13.96,8.78,26.19,6.22,11.43,14.37,16.96
rotated_training_15,cursor,16,-15,11.93,4.59,11.31,16.67,8.21,11.94,10.97,8.19,16.62,11.71,14.8,15.51,4.8,8.59,0,12.59
rotated_training_15,cursor,17,-15,10.16,9.28,7.38,15.75,12.4,16.03,7.35,12.72,16.37,10.38,15.66,24.97,7.63,9.39,15.67,13.88
rotated_training_15,cursor,18,-15,11.75,12,12.2,18.54,14.24,25.06,10.8,11.77,14.18,9.26,17.78,10.06,16.23,15.29,11.09,-3.12
rotated_training_15,cursor,19,-15,11.39,11.08,13.41,8.34,11.23,18.97,11.25,7.84,14.25,11.54,15.95,6.02,17.55,21.57,10.62,16.49
rotated_training_15,cursor,20,-15,10.45,11.42,16.41,12.49,11.92,14.1,11.88,10.06,11.61,16.51,10.36,8.36,8.34,11.96,23.15,16.84
rotated_training_15,cursor,21,-15,10.92,20.93,18.56,13.96,9.25,16.82,19.38,7.96,17.1,13.66,16.28,12.3,11.87,8.35,9.65,3.84
rotated_training_15,cursor,22,-15,19.57,12.15,17.07,19.8,9.06,17.8,9.06,11.03,9.85,5.61,13.69,18.17,7.66,23.61,18.95,4.92
rotated_training_15,cursor,23,-15,11.25,10.52,18.61,16.92,11.31,-0.19,13.29,13.5,9.23,19.67,16.03,7.96,15.83,9.42,18.17,3.89
rotated_training_15,cursor,24,-15,10.1,9.87,15.98,12.76,14.1,14.99,15.86,13.17,19.68,17.59,16.87,22,8.01,6.62,25.18,20.41
rotated_training_15,cursor,25,-15,14.95,13.26,9.06,13.29,11.85,17.69,10.03,7.2,10.92,6.34,16.93,21.32,10.91,23.37,-7.39,12.9
rotated_training_15,cursor,26,-15,19.77,10.78,14.11,23.2,14.27,15.4,15.45,17.86,12.12,9.78,17.02,17.87,13.76,10.09,3.65,4.46
rotated_training_15,cursor,27,-15,11.62,14.31,13.71,10.55,13.63,10.81,17.01,15.59,16.41,16.32,19.97,4.62,16.93,7.1,15.45,16.56
rotated_training_15,cursor,28,-15,10.89,12.41,12.66,32.83,19.43,16,10.09,15.44,16.53,18.57,13.42,8.07,7.91,18.82,10.4,10.15
rotated_training_15,cursor,29,-15,12.78,11.15,18.3,14.76,12.64,20.49,12.77,15.37,14.39,17.54,19.95,12.26,5.23,12.95,21.11,18.7
rotated_training_15,cursor,30,-15,15.66,17.46,10.06,18.17,15.02,17.6,11.14,8.86,11.62,15.01,10.99,25.59,20.6,4.71,6.52,11.53
rotated_training_15,cursor,31,-15,nan,12.7,13.89,14.7,12.33,7.95,12.39,11.73,16.3,17.89,11.95,17.08,nan,19.78,nan,18.3
rotated_training_15,cursor,32,-15,13.54,11.73,14.74,13.63,8.25,22.22,10.92,7.02,13.47,24.73,15.04,9.8,11.93,12.59,17.86,0.21
rotated_training_15,cursor,33,-15,12.5,16.82,12.5,20.77,18.92,38.22,12.01,8.23,13.31,13.21,18.98,17.38,12.02,7.2,13.47,13.09
rotated_training_15,cursor,34,-15,16.56,13.83,13.75,23.7,7.38,2.12,12.79,8.79,9.51,19.16,17.37,9.67,11.37,17.57,26.1,14.46
rotated_training_15,cursor,35,-15,13.78,6.04,15.59,21.73,10.19,nan,5.31,14.86,14.96,18.73,19.16,16.46,1.86,8.59,12.56,7.77
rotated_training_15,cursor,36,-15,12.33,14.49,25.14,16.52,9.81,13.68,10.18,10.34,13.08,16.34,16.56,17.53,13.71,17.16,17.63,11.08
rotated_training_15,cursor,37,-15,14.6,12.31,14.3,18.9,16.12,-22.87,13.45,17.78,15.7,15.91,16.66,18.68,-13.56,5.01,nan,12.8
rotated_training_15,cursor,38,-15,9.73,17.66,18.92,21.37,12.39,45,13.12,16.2,11.94,11.73,19.34,17.89,15.91,25.04,6.25,9.96
rotated_training_15,cursor,39,-15,13.88,9.51,20.33,19.47,11.72,22.01,9.65,13.18,8.88,6.47,21.84,17.68,17.53,15.21,6.55,9.41
rotated_training_15,cursor,40,-15,13.67,20.65,14.7,13.05,10.69,21.75,18.16,12.84,11.15,11,15.15,14.04,15.04,31.66,19.11,4.52
rotated_training_15,cursor,41,-15,17.77,18.17,7.13,12.31,8.6,4.09,11.73,12.15,16.14,7.9,24.69,22.38,18.14,6.21,13.49,5.51
rotated_training_15,cursor,42,-15,21.39,12.83,19.54,17.92,14.66,26.73,5.61,6.3,12.93,15.91,14.39,11.89,13.75,9.69,12.29,21.04
rotated_training_15,cursor,43,-15,11.31,10.58,15.77,20.06,13.37,17.72,18.17,13.15,14.04,16.74,11.31,12.5,12.38,8.47,10.73,4.52
rotated_training_15,cursor,44,-15,14.4,5.86,13.11,22.4,8.57,25.62,13.78,18.87,16.43,10.89,16.81,12.06,15.62,29.64,16.59,17.43
rotated_training_15,cursor,45,-15,14.1,13.63,14.84,13.15,17.6,18.85,10.23,11.23,9.96,17.95,14.5,20.19,24.15,13.96,11.64,15.07
no-cursors_15_include,no_cursor,1,-15,12.79,21.04,4.92,17.63,-2.06,13.76,5.81,10.65,5.89,24.85,5.85,-4.3,11.64,10.91,20.81,-9.96
no-cursors_15_include,no_cursor,2,-15,13.75,4.67,17.07,9.36,5.77,5.36,-2.56,7.47,4.69,-2.89,11.55,14.93,13.19,21.04,4.56,1.68
no-cursors_15_include,no_cursor,3,-15,9.03,7.02,14.61,6.27,8.31,12.09,4.59,19.26,10.45,3.61,12.88,44.42,6.31,11.97,13.54,18.18
no-cursors_15_include,no_cursor,4,-15,8.85,6.61,0.82,0.58,7.13,8.29,-0.63,12.71,9.24,6.93,14.66,23.16,5.12,7.54,-1.9,20.8
no-cursors_15_include,no_cursor,5,-15,18.8,7.93,4.98,1.93,10.71,10.46,2.04,10.78,4.59,1.77,13.43,-5.38,-2.3,4.59,6.53,1.08
no-cursors_15_include,no_cursor,6,-15,11.68,12.01,25.09,4.3,2.06,17.59,4.34,17.25,20.44,13.75,16.86,50.89,12.31,12.04,17.2,11.78
no-cursors_15_include,no_cursor,7,-15,9.43,5.91,20.61,1.04,4.3,20.53,9.56,6.38,12.13,19.6,13.38,32.94,10.63,3.44,45,25.07
no-cursors_15_include,no_cursor,8,-15,19.16,6.63,1.26,10.91,6.75,4.19,0.91,13.06,7.35,-3.08,18.83,18.88,5.35,5.73,2.71,32.74
no-cursors_15_include,no_cursor,9,-15,12.22,10.3,12.77,8.86,6.7,-3.27,1.19,12.21,15.9,4.64,17.03,-6.05,1.72,6.53,4.96,9.67
no-cursor_15_exclude,no_cursor,1,-15,3.98,10.03,5.01,11.78,-0.84,4.21,4.13,10.51,11.73,-9.96,3.56,2.97,3.14,10.34,12.55,0.21
no-cursor_15_exclude,no_cursor,2,-15,1.28,6.99,7.33,7.57,4.93,9.94,-5.01,4.31,5.27,0.3,11.08,10.36,3.14,10.2,6.74,15.22
no-cursor_15_exclude,no_cursor,3,-15,14.23,2.53,15.67,9.87,9.19,12.94,4.26,14.79,-1.1,12.04,17.37,26.38,6.03,-0.21,-6.54,1.8
no-cursor_15_exclude,no_cursor,4,-15,8.86,6.37,12.7,0,8.37,10.96,2.56,21.41,9.23,20.77,13.21,19.11,-0.79,-1.51,-4.99,-1.37
no-cursor_15_exclude,no_cursor,5,-15,5.71,8.49,19.23,-2.05,8.89,25.7,-5.37,13.36,2.95,-7.23,7.1,13.21,-4.07,-2.3,1.55,6.8
no-cursor_15_exclude,no_cursor,6,-15,21.7,5.75,12.02,7.02,10.12,13.1,-6.25,8.69,17.21,-1.28,16.61,9.23,6.48,16.84,-0.59,19.55
no-cursor_15_exclude,no_cursor,7,-15,22,1.13,4.55,15.15,-1.05,17.71,5.03,7.39,13.12,-3.49,9.87,4.24,7.72,7.57,-12.9,16.41
no-cursor_15_exclude,no_cursor,8,-15,8.49,6.37,-4.18,10.89,11.01,6.75,-2.08,6.77,1.68,-6.51,16.32,10.57,-1.79,6.73,14.14,-1.14
no-cursor_15_exclude,no_cursor,9,-15,0.19,11,14.72,3.12,11.78,1.53,6.16,9.36,10.41,22.27,14.58,27.9,3.6,7.47,-1.71,3.62
rotated_training_15_2,cursor,1,-15,6.37,8.37,17.4,3.03,6.91,0.93,-0.21,17.82,0,22.36,17.39,7.83,3.34,14.09,7.01,-2.84
rotated_training_15_2,cursor,2,-15,4.73,9.92,5.35,15.53,7.59,15.38,10.41,7.72,8.22,5.43,14.59,18.02,6.43,2.61,2.14,9.74
rotated_training_15_2,cursor,3,-15,6.93,12.93,14.55,7.08,22.45,9.94,12.62,9.98,13.51,7.34,8.84,9.8,7.01,9.89,28.56,3.27
rotated_training_15_2,cursor,4,-15,12.56,13.06,11.01,13.15,14.18,12.41,12.33,9.2,8.35,11.37,11.8,4.82,nan,15.98,10.47,18.95
rotated_training_15_2,cursor,5,-15,11.31,16.18,11.68,15.01,19.69,-7.67,9.33,14.09,10.85,9.5,17.51,9.21,8.84,19.83,6.02,0.42
rotated_training_15_2,cursor,6,-15,13.6,13.89,12.83,7.57,9.32,8.57,10.11,13.56,9.36,12.63,20.09,35.13,12.46,6.16,10.74,16.7
rotated_training_15_2,cursor,7,-15,16.18,12.48,13.47,15.37,10.48,18.43,15.83,10.67,11.71,19.43,11.46,15.06,7.07,10.8,-5.01,12.18
rotated_training_15_2,cursor,8,-15,7.31,9.23,15.03,14.16,17.21,18.32,12.4,14.22,16.66,11.06,13.88,27.52,11.6,13.15,11.7,10.23
rotated_training_15_2,cursor,9,-15,13.89,5.43,12.51,11.23,6.83,20.51,6.67,16.32,12.6,18.62,27.4,7.49,21.64,19.92,13.54,12.15
rotated_training_15_2,cursor,10,-15,10.81,11.85,12.26,16.83,13.24,3.18,17.8,12.95,12.46,13.24,18.82,1.29,24.25,10.46,12.46,21.98
rotated_training_15_2,cursor,11,-15,10.25,16.3,13.22,21.09,9.96,38.27,11.7,17.07,-0.42,22,16.44,36.41,13.1,12.99,4.96,-3.67
rotated_training_15_2,cursor,12,-15,13.94,17.49,13.8,9.25,19.44,17.99,16.49,17.07,6.04,13.1,18.26,19.67,18.02,17.65,21.1,11.95
rotated_training_15_2,cursor,13,-15,11.91,12.63,16.16,20.19,11.78,35.18,11.8,13.84,15.92,15.57,16.24,22.73,20.62,11.31,55.38,6.6
rotated_training_15_2,cursor,14,-15,11.47,11.31,14.83,9.21,14.79,15.72,17.39,9.69,14.93,10.83,15.12,7.41,17.23,9.89,0,14.66
rotated_training_15_2,cursor,15,-15,15.12,8.86,16.98,15.13,16.29,14.89,12.41,17.28,14.99,8.89,16.91,24.79,5.86,17.8,37.39,15.79
rotated_training_15_2,cursor,16,-15,18.95,13.63,nan,17.95,14.76,16.07,4.21,17.81,8.38,11.89,19.8,23.96,20.51,17.8,7.69,11.93
rotated_training_15_2,cursor,17,-15,6.04,16.22,15.44,12.04,13.43,35.04,20.73,12.97,10.3,27.19,15.51,20.7,19.19,7.3,8.17,22.54
rotated_training_15_2,cursor,18,-15,19.74,13.23,9.71,19.04,10.38,13.19,15.97,12.89,6.25,11.46,17.18,6.94,10.7,24,15.55,10.1
rotated_training_15_2,cursor,19,-15,15.72,11.6,12.55,nan,10.08,11.74,12.53,18.02,0.2,8.62,26.02,13.48,23.37,18.57,57.32,10.62
rotated_training_15_2,cursor,20,-15,16.51,9.05,23.15,11.26,15.07,15.12,13.47,18.89,10.86,11.31,13.12,27.28,6.04,6.95,5.19,3.84
rotated_training_15_2,cursor,21,-15,9.36,12.55,11.96,16.7,11.73,17.74,22.81,13.34,11.61,15.4,13.41,11.15,18.43,17.4,7.26,8.97
no-cursor_15_exclude_2,no_cursor,1,-15,12.96,26.01,15.05,5.61,4.34,18.98,6.25,18.32,9.7,-1.81,10.99,5.82,0.43,7.79,7.61,5.09
no-cursor_15_exclude_2,no_cursor,2,-15,15.74,5.08,-2.05,2.93,17.34,19.22,4.96,8.7,14.68,8.97,9.93,20.89,9.89,15.43,5.37,4.25
no-cursor_15_exclude_2,no_cursor,3,-15,14.78,9.87,8.55,11.23,7.35,16.56,2.6,11.94,4.46,1.09,9.24,18.96,-5.69,5.71,6.78,6.11
no-cursor_15_exclude_2,no_cursor,4,-15,14.08,5.6,9.55,17.6,6.2,1.82,2.59,5.16,-3.41,-14.83,5.19,1.29,8.13,16.58,-1.27,10.33
no-cursor_15_exclude_2,no_cursor,5,-15,13.97,5.41,9.99,13.11,9.91,4.96,3.14,18.21,11.31,11.52,20.08,19.16,17.77,5.74,3.79,15.48
no-cursor_15_exclude_2,no_cursor,6,-15,9.27,10.57,5.96,8.91,13.51,16.96,0.21,17.37,14.5,4.75,17.14,23.2,3.01,2.97,-4.38,2.81
no-cursor_15_exclude_2,no_cursor,7,-15,9.87,14.45,-0.19,10.7,17.63,11.64,11.94,15.81,6.97,11.88,15.22,19.11,-1.22,-1.4,4.27,6.38
no-cursor_15_exclude_2,no_cursor,8,-15,13.17,7.33,21.09,0.3,9.06,23.36,7.28,16.86,-0.9,-4.04,10.78,7.77,5.41,0.84,-8.3,11.93
no-cursor_15_exclude_2,no_cursor,9,-15,19.6,9.06,3.97,9.87,4.94,-6.05,-3.06,2,12.64,-4.83,13.93,21.91,15.63,21.12,2.26,12
no-cursor_15_include_2,no_cursor,1,-15,9.76,2.02,13.96,0.62,3.44,-4.03,-3.12,7.61,-9.49,-7.2,17.75,-14.89,15.45,17.75,11.2,4.01
no-cursor_15_include_2,no_cursor,2,-15,15.83,2.09,-6.57,4.84,2.78,17.26,4.47,7.46,2.39,6.91,9.5,30.05,5.6,10.99,55.95,-27.52
no-cursor_15_include_2,no_cursor,3,-15,7.98,11.76,20.65,12.09,12.67,10.61,13.45,5.45,10.69,-4.96,8.05,16.03,0.56,4.23,23.82,9.84
no-cursor_15_include_2,no_cursor,4,-15,9.65,5.51,1.52,13.51,16.18,12.04,3.34,15.44,-0.26,2.95,8.5,32.86,-0.17,6.2,-6.12,32.3
no-cursor_15_include_2,no_cursor,5,-15,12.59,0.87,11.31,6.04,11.14,-1.68,-7.66,9.9,14.13,7.75,3.74,-0.4,9.99,4.38,4.5,34.04
no-cursor_15_include_2,no_cursor,6,-15,15.55,13.94,22.67,15.47,8.85,6.66,5.19,13.75,5.23,-10.8,6.3,48.23,12.32,15.08,33.02,-2.08
no-cursor_15_include_2,no_cursor,7,-15,12.97,8.13,nan,14.57,13.31,6.52,0.61,7.53,7.07,5.61,10.12,34.36,11.46,5.63,9.17,-3.47
no-cursor_15_include_2,no_cursor,8,-15,20.56,7.26,5.79,10.3,17.52,13.76,1.79,14.58,-0.98,-9.8,8.17,-13.8,4.72,5.22,22.31,17.5
no-cursor_15_include_2,no_cursor,9,-15,6.52,11.78,1.81,12.91,2.31,-2.47,9.63,13.31,2.75,0,12.62,22.78,8.81,2.26,17.72,-5.35
rotated_training_30,cursor,1,-30,10.67,12.99,15.52,7.13,nan,11.14,9.76,8.59,7.94,12.95,16.11,17.28,9.99,8.95,7.22,3.04
rotated_training_30,cursor,2,-30,11.83,21.25,20.7,11.26,26.08,18.57,1.55,15.21,18.31,6.3,12.66,25.49,8.82,19.17,14.91,8.86
rotated_training_30,cursor,3,-30,26.38,19.22,10.66,29.02,20.91,21.56,16.84,17.81,9.04,15.74,20.75,2.56,9.82,34.05,12.64,15.11
rotated_training_30,cursor,4,-30,23.47,17.54,23.16,27.36,21.43,17.95,18.34,27.34,20.14,7.57,27.31,15.98,18.19,26.29,18.53,9.91
rotated_training_30,cursor,5,-30,13.94,14.8,27.37,12.93,19.96,20.06,19.2,17.96,25.9,20.76,24.55,24.42,15.79,15.11,34.1,13.32
rotated_training_30,cursor,6,-30,17.75,20.02,13.83,15.47,28.64,29.18,9.22,18.91,21.91,20.22,19.09,31.55,21.19,28.17,20.81,33.99
rotated_training_30,cursor,7,-30,22.1,29.32,20.1,20.56,31.86,29.41,15.98,24.63,21.04,10.84,24.99,36.15,23.12,29.05,4.31,22.51
rotated_training_30,cursor,8,-30,26.06,21.02,26.05,27.52,15.73,18.94,12.12,24.34,23.51,18.71,30.14,25.07,15.19,26.31,28.24,17.42
rotated_training_30,cursor,9,-30,22,24.99,22.99,17.12,22.2,18.08,17.39,22.42,18.43,16.84,26.18,6.39,30.84,15.11,7.73,10.13
rotated_training_30,cursor,10,-30,23.92,17.34,29.82,15.35,30.53,25.58,14.46,23.96,24.11,14.29,19.91,27.46,25.48,26.69,17.31,10.46
rotated_training_30,cursor,11,-30,21.62,27.46,25.8,13.94,17.15,19.97,29.8,25.71,24.58,22.9,25.45,14.85,22.17,18.71,6.31,20.67
rotated_training_30,cursor,12,-30,20.81,19.81,22.98,26.29,19.89,28.94,13.89,23.32,19.39,25.02,29.17,38.95,22.37,25.25,17.61,23.03
rotated_training_30,cursor,13,-30,28.75,22.26,21.1,28.68,23.73,28.5,14.35,30.12,28.27,31.46,24.48,32.79,23.23,18.81,27.92,17.29
rotated_training_30,cursor,14,-30,29.67,21.12,18.43,28.54,24.51,16.7,3.98,24.76,25.68,25.2,25.04,9.77,31.22,27.52,12.23,24.26
rotated_training_30,cursor,15,-30,28.04,20.16,29.74,38.03,22.1,24.87,10.66,22.68,24.75,17.58,22.94,36.78,20.32,33.87,6.07,39.43
rotated_training_30,cursor,16,-30,27.92,20.61,34.14,13.56,32.77,28.3,11.78,32.1,23.05,28.34,26.44,38.72,28.53,24.55,19.24,9.84
rotated_training_30,cursor,17,-30,25.35,25.23,26.31,23.76,23.93,29.95,17.89,21.16,27.65,16.32,24.41,30.54,16.39,27.38,13.95,36.38
rotated_training_30,cursor,18,-30,31.78,26.04,21.67,26.66,20.51,21.32,19.78,20.78,21.04,25.72,26.48,27.88,37.27,31.03,26.16,27.88
rotated_training_30,cursor,19,-30,24.48,20.34,24.04,28.94,32.41,20.85,18.7,22.33,24,23.31,24.34,21.39,22.04,24.44,17.54,20
rotated_training_30,cursor,20,-30,20.68,16.41,29.42,27.32,25.69,31.01,7.95,26.8,19.09,22.17,29.27,31.01,18.84,17.24,22.11,24.47
rotated_training_30,cursor,21,-30,32.11,17.27,33.58,24.7,28.36,19.15,16.95,22.82,24.35,19.98,22.98,48.5,36.09,27.39,18.91,27.09
rotated_training_30,cursor,22,-30,27.02,21.67,30.96,30.68,27.14,24.99,20.33,22.7,30.52,23.98,24.38,38.66,36.3,19.07,nan,29.03
rotated_training_30,cursor,23,-30,26.18,14.94,24.44,30.61,30.63,24.99,17.41,27.66,21.64,26.92,26.2,30.03,20.26,26.97,14.61,21.61
rotated_training_30,cursor,24,-30,26.83,23.2,25.23,25.46,33.61,35.17,14.14,24.56,29.97,19.42,24.22,35.92,22.15,29.43,23.11,18.68
rotated_training_30,cursor,25,-30,29.21,19.19,22.72,20.56,26.18,32.17,19.1,40.26,26.81,26.57,33.3,34.27,27.4,22.79,21.39,22.62
rotated_training_30,cursor,26,-30,27.29,27.75,33.8,28.25,32.79,22.42,20.46,23.68,25.92,28.22,24.38,38.47,38.11,20.52,17.48,21.07
rotated_training_30,cursor,27,-30,28.33,28.13,32.84,28.39,25.42,31.16,8.54,27.68,28.77,36.07,32.67,29.57,24.19,32.03,14.95,20.39
rotated_training_30,cursor,28,-30,22.11,18.96,31.91,23.78,33.69,20.03,18.83,nan,26.47,31.98,33.24,29.64,38.02,27.1,11.08,10.52
rotated_training_30,cursor,29,-30,25.17,25.71,26.57,28.86,24.02,13.97,20.42,21.88,26.29,29.9,24.99,31.71,19.57,25.22,20.08,25.79
rotated_training_30,cursor,30,-30,28.91,19.31,23.41,30.61,34.33,28.85,17.4,25.03,25.53,23.98,33.07,22.75,22.2,29.05,26.65,22.78
rotated_training_30,cursor,31,-30,32.03,22.58,27.34,24.55,24.66,33.15,22.24,30.45,25.61,18.06,24.99,24.03,20.78,34.62,11.98,23.39
rotated_training_30,cursor,32,-30,25.53,22.04,21.72,38.09,29.53,31.61,13.12,28.61,21.14,24.79,24.24,32.59,44,nan,17,28.19
rotated_training_30,cursor,33,-30,25.05,27.24,26.69,30.91,35.45,23.85,22.82,24.18,36.63,34.29,19.89,34.96,27.88,26.08,12.3,9.32
rotated_training_30,cursor,34,-30,22.76,26.68,25.35,29.87,24.67,24.81,19.6,30.44,28.06,25.67,30.55,31.78,18.12,32.33,31.38,28.46
rotated_training_30,cursor,35,-30,nan,22.74,23.78,25.09,32.21,33.94,25.84,26.45,22.95,18.95,25.95,40.74,40.07,16.12,23.47,25.48
rotated_training_30,cursor,36,-30,28.36,18.43,20.68,39.46,14.94,27.25,24.63,29.3,7.52,25.39,28.53,28.19,24.78,21.64,29.72,20.06
rotated_training_30,cursor,37,-30,20.72,24.16,24.24,36.62,32.63,31.18,25.11,25.23,22.82,26.38,21.51,31.74,38.9,25.31,19.24,22.6
rotated_training_30,cursor,38,-30,30.28,22.1,28.94,31.44,26.16,32.09,22.36,32.71,32.21,33.32,22.45,34.17,21.9,16.53,-0.98,28.16
rotated_training_30,cursor,39,-30,20.85,27.58,31.66,36.06,25.99,18.31,10.01,30.74,25.68,28.22,25.4,20.8,25.64,19.78,14.84,28.34
rotated_training_30,cursor,40,-30,19.4,17.45,30.45,22.99,29.77,nan,18.95,22.06,23.58,35.54,30.6,26.38,38.55,21.65,29.09,17.32
rotated_training_30,cursor,41,-30,34.16,19.67,17.9,34.82,27.79,20.78,23.99,27.84,25.94,29.48,29.74,28.07,24.56,25.51,44.09,14.99
rotated_training_30,cursor,42,-30,22.31,17.15,26.69,36.4,22.14,25.05,26.95,36.87,27.9,16.99,25.14,29.67,17.84,22.4,46.43,31.04
rotated_training_30,cursor,43,-30,29.14,17.07,22.6,34.43,25.02,42.96,19.6,38.2,27.58,30.69,26.21,39.91,36.8,18.57,38.26,17.39
rotated_training_30,cursor,44,-30,24.78,23.15,30.05,30.07,37.39,26.13,10.61,21.96,17.75,27.63,22.54,29.11,17.01,32.18,29.28,29.71
rotated_training_30,cursor,45,-30,27.45,23.23,27.53,32.68,31.87,24.29,17.69,26.7,24.42,30.12,32.79,22.8,18.92,21.25,20.58,30.21
no-cursor_30_exclude,no_cursor,1,-30,16.24,10.59,-0.42,10.81,12.99,-7.45,25.74,15.68,17.9,-12.79,9.51,27,35.25,5.58,-4.56,4.15
no-cursor_30_exclude,no_cursor,2,-30,28.53,25.56,16.67,36.83,14.95,19.42,11.39,27.3,17.83,12.19,12.35,19.73,12.69,11.02,27.83,28.4
no-cursor_30_exclude,no_cursor,3,-30,18.52,16.73,29.02,37.26,19.07,34.31,0,7.5,26.47,7.25,21.16,22.12,10.52,24.12,20.41,0.56
no-cursor_30_exclude,no_cursor,4,-30,19.49,10.22,18.25,41.39,5.71,27.9,6.81,17.79,21.14,6.65,16.72,19.18,13.93,18.56,13.97,9.56
no-cursor_30_exclude,no_cursor,5,-30,13.22,14.72,26.22,32.91,12.81,18.57,11.65,21.12,24.95,1.71,20.63,24.13,18.66,15.74,7.54,12.23
no-cursor_30_exclude,no_cursor,6,-30,18.77,22.25,16.86,24,12.88,16.96,7.74,16.98,20.37,17.27,18.19,10.84,16.25,7.39,19.24,10.91
no-cursor_30_exclude,no_cursor,7,-30,22.12,13.14,17.57,27.99,20.01,18.34,1.08,13.97,9.78,1.69,22.99,14.79,15.03,7.96,9.23,2.53
no-cursor_30_exclude,no_cursor,8,-30,19.95,20.65,25.35,32.6,15.18,5.57,18.3,23.86,13.44,8.02,20.29,18.81,3.13,12.46,7.69,12.69
no-cursor_30_exclude,no_cursor,9,-30,14.79,11.47,-2.39,37.41,24.76,21.61,11.14,19.77,20.85,17.54,14.7,25.61,13.6,25.53,11.85,13.57
no-cursor_30_include,no_cursor,1,-30,15.72,8.37,38.36,5.73,8.85,11.47,-7.24,7.28,0,19.65,4.88,35.64,29.34,0,-10.75,-15.83
no-cursor_30_include,no_cursor,2,-30,12.82,18.61,-10.99,19.39,15.8,8.85,8.76,9.64,26.48,-9.02,8.01,-7.43,11.66,15.89,7.16,15.26
no-cursor_30_include,no_cursor,3,-30,17.02,17.76,23.31,12.42,15.26,21.96,12.8,19.21,2.6,-0.4,7.67,20.42,13.97,11.31,44.45,13.94
no-cursor_30_include,no_cursor,4,-30,20.3,9.37,15.57,23.36,9.85,24.82,2.73,9.76,14.68,-16.48,21.34,19.3,26.02,13.51,-14.23,11.02
no-cursor_30_include,no_cursor,5,-30,15.04,17.61,-6.84,29.85,8.19,8.67,2.97,16.2,10.03,7.18,14.59,45.55,8.66,16.32,-43.28,-2.76
no-cursor_30_include,no_cursor,6,-30,10.12,17.45,27.92,30.52,18.56,29.48,8.13,23.42,23.2,11.64,22.71,-1.43,10.69,9.91,41.88,8.48
no-cursor_30_include,no_cursor,7,-30,12.11,16.03,24.52,23.72,11.54,25.23,6.86,22.67,18.61,0.56,15.26,-15.22,16.28,3.56,16.03,10.41
no-cursor_30_include,no_cursor,8,-30,21.01,16.48,24.34,24.27,13.31,18.66,7.02,13.85,7.55,-3.28,20.11,48.65,16.39,19.15,32.5,19.25
no-cursor_30_include,no_cursor,9,-30,16.5,15.59,-6.2,30.6,17.67,3.79,4.27,20.11,21.45,10.82,20.31,23.66,11.36,13.02,-7.08,-13.84
rotated_training_30_2,cursor,1,-30,17.21,7.97,17.48,17.38,22.53,18.7,7.83,9.56,13.41,10.92,11.88,23.55,9.43,19.07,5.71,18.57
rotated_training_30_2,cursor,2,-30,14.92,21.09,21.41,4.1,10.99,17.87,19.78,18.95,16.5,6.79,27.88,4.69,19.84,26.02,15.98,22.98
rotated_training_30_2,cursor,3,-30,26.43,16.8,32.59,26.02,24.51,17.51,25.66,23.2,16.17,30.91,25.99,22.73,28.9,22.62,39.78,20.93
rotated_training_30_2,cursor,4,-30,24.68,18.06,28.13,20.14,32.85,42.49,15.46,16.28,25.36,33.69,23.3,16.39,39.55,15.08,30.75,18.05
rotated_training_30_2,cursor,5,-30,24.29,15.87,15.95,31.04,24.44,9.53,18.31,23.67,21.41,15.36,32.31,29.14,27.35,24.88,25.4,29.17
rotated_training_30_2,cursor,6,-30,26.08,11.99,31.4,24.48,18.95,12.41,22.82,27.88,19.88,25.29,28.27,38.29,19.14,28.1,19.57,23.65
rotated_training_30_2,cursor,7,-30,27.7,23.83,30.44,27.2,23.37,47.37,24.73,29.05,16.03,27.1,42.09,33.63,21.25,25.6,26.96,16.95
rotated_training_30_2,cursor,8,-30,21.59,19.11,35.54,31.89,32.31,17.12,23.96,23.01,25.12,24.8,39.95,33.53,25.51,21.65,27,18.83
rotated_training_30_2,cursor,9,-30,26.04,23.04,15.4,30.9,23.57,34.42,25.11,26.48,25.76,30.09,42.44,25.84,42.69,27.88,25.23,19.24
rotated_training_30_2,cursor,10,-30,20.73,23.16,19.92,25.64,33.37,20.21,31.69,29.2,24.8,31.91,29.05,27.1,27.83,26.84,32.18,22.69
rotated_training_30_2,cursor,11,-30,30.96,18.43,15.59,24.48,28.11,24.41,25.92,19.06,24.58,25.91,42.98,43.26,38.05,19.84,20.95,35.15
rotated_training_30_2,cursor,12,-30,24.65,23.51,25.8,24.76,17.78,38.37,34.23,24.17,20.34,14.81,32.84,36.37,17.31,29.18,22.51,30.64
rotated_training_30_2,cursor,13,-30,30.31,22.19,26.47,36.31,22.15,27.84,18.31,30.45,26.16,23.48,32.34,21.25,25.03,29.46,23.94,24.66
rotated_training_30_2,cursor,14,-30,26.66,23.36,29.44,23.89,22.92,39.34,31.85,21.28,27.21,27.4,34.8,32.01,38.98,27.65,27.01,29.21
rotated_training_30_2,cursor,15,-30,32.66,23.2,30.4,23.51,25.51,26.97,38.66,27.14,27.81,22.24,41.77,38.19,21.21,22.08,23.66,24.09
rotated_training_30_2,cursor,16,-30,23.09,22.55,22.7,31.01,27.76,29.71,18.17,23.35,27.35,31.23,33.52,38.08,25.84,22.78,26.44,22.6
rotated_training_30_2,cursor,17,-30,26.57,21.16,25.64,18.03,27.9,15.89,31.64,27.32,29.56,21.1,33.3,33.58,31.66,18.95,32.32,25.09
rotated_training_30_2,cursor,18,-30,21.8,13.72,31.16,30.18,31.52,34.11,34.82,30.89,21.01,21.29,44.73,33.75,43.11,22.51,23.77,13.02
rotated_training_30_2,cursor,19,-30,27.63,22.34,29.17,37.43,28.22,26.02,28.24,22.83,24.96,20.32,32.32,26.27,38.52,26.4,23.52,23.93
rotated_training_30_2,cursor,20,-30,24.61,19.25,20.52,24.27,31.43,28.77,29.43,21.65,22.98,30.41,34.7,20.92,29.03,26.31,28.77,34.08
rotated_training_30_2,cursor,21,-30,27.66,12.69,31.37,23.96,33.81,28.83,30.61,19.18,29.45,31.52,42.96,29.29,24.81,14.44,19.88,14.85
no-cursor_30_include_2,no_cursor,1,-30,27.34,21.68,-23.9,34.91,13.11,16.33,19.84,14.39,16.2,8.37,22.77,10.58,16.43,-4.03,20.14,-15.04
no-cursor_30_include_2,no_cursor,2,-30,22.59,15.33,31.81,2.56,10.42,13.21,21.91,12.67,25.61,0.43,38.66,20.08,21.2,18.17,-2.69,17.64
no-cursor_30_include_2,no_cursor,3,-30,10.73,28.94,18.34,38.19,33.14,24.54,17.26,26.12,13.04,-16.73,26.94,38.56,14.1,15.91,-13.38,24.65
no-cursor_30_include_2,no_cursor,4,-30,3.5,11.56,-8.86,39.62,14.38,3.17,19.34,19.98,13.75,-14.77,34.94,29.52,15.69,10.11,6.08,26.95
no-cursor_30_include_2,no_cursor,5,-30,28.01,13.11,19.55,19.93,22.19,7.9,17.97,2.14,11.07,1.03,28.84,3.29,7.46,1.97,11.73,16.39
no-cursor_30_include_2,no_cursor,6,-30,20.08,24.76,31.61,2.51,19.34,27.4,24.04,36.75,24.05,1.2,31.52,35.39,25.67,26.19,8.35,24.95
no-cursor_30_include_2,no_cursor,7,-30,18.31,24.41,33.24,3.29,20.22,24.29,12.87,19.93,19.2,-1.23,30.11,31.79,56.78,18.3,21.07,2.82
no-cursor_30_include_2,no_cursor,8,-30,22.07,13.59,-14.59,10.3,23.12,14.55,24.05,19.81,13.55,12.32,37.95,23.51,11.96,14.7,2.49,14.23
no-cursor_30_include_2,no_cursor,9,-30,24.66,13.25,14.8,34.19,13.73,0.38,17.01,23.65,28,7.88,32.05,7.15,-32.64,13.16,-22.68,11.89
no-cursor_30_exclude_2,no_cursor,1,-30,17.47,18.94,-3.3,-11.78,10.9,12.96,0.98,10.48,19.65,5.43,9.64,10.99,10.36,25.35,10.49,-3.16
no-cursor_30_exclude_2,no_cursor,2,-30,18.18,13.62,1.09,5.16,14.49,24.88,17.27,13.39,22.74,-2.77,14.97,15.67,8.03,6.47,-4.56,14.96
no-cursor_30_exclude_2,no_cursor,3,-30,22.76,15.3,22.15,12.06,19.23,5.83,10.41,13.71,16.05,1.55,30.96,22.38,11.99,2.36,-19.52,13.91
no-cursor_30_exclude_2,no_cursor,4,-30,24.53,19.44,19.42,15.6,14.47,17.64,7.4,21.3,16.18,10.43,20.73,21.23,9.79,-0.84,9.92,5.13
no-cursor_30_exclude_2,no_cursor,5,-30,20.75,17.49,3.74,10.46,23.42,19.47,8.17,10.29,13.1,1.31,23.2,22.08,10.29,0,6.3,10.9
no-cursor_30_exclude_2,no_cursor,6,-30,30.96,16.7,15.67,19.92,11.93,6.86,16.39,20.42,20.77,11.46,21.44,12.4,9.66,19.67,-4.79,12.19
no-cursor_30_exclude_2,no_cursor,7,-30,20.98,11.1,14.46,19.8,25.19,16.12,-1.2,16.41,23.59,5.47,18.43,6.03,0.16,14.19,0.92,20.88
no-cursor_30_exclude_2,no_cursor,8,-30,15.98,10.18,14.17,35.16,14.77,13.17,9.39,12.09,11.63,7.58,25.33,17,8.35,9.08,-5.29,0.52
no-cursor_30_exclude_2,no_cursor,9,-30,15.95,6.39,25.7,11.81,6.64,5.05,6.66,24.13,16.61,2.82,19.33,30,12.66,5.61,-19.09,3.71
rotated_training_45,cursor,1,-45,nan,15.83,nan,29.82,nan,nan,nan,23.31,16.7,19.47,28.24,nan,9.46,25.17,22.07,nan
rotated_training_45,cursor,2,-45,23.92,16.12,20.44,46.46,29.93,30.12,32.26,24.13,31.17,nan,24.55,27.02,10.38,nan,19.75,30.65
rotated_training_45,cursor,3,-45,32.74,22.64,38.57,26.76,39.97,33.92,34.72,35.57,36.21,31.15,23.55,43.92,21.8,32.88,37.04,43.19
rotated_training_45,cursor,4,-45,37.59,46.05,41.49,41.56,36.87,32.16,35.15,36.29,46.46,44.57,39.46,21.32,nan,33.52,32.68,39.35
rotated_training_45,cursor,5,-45,42.59,25.84,29.21,38.03,47.64,24.54,25.9,38.16,27.17,41.71,37.05,39.31,22.05,44.1,26.57,14.09
rotated_training_45,cursor,6,-45,35.01,16.41,45.3,30.6,37.3,23.46,52.41,19.8,30.01,28.39,48.16,46.14,23.35,31.52,34.83,24.54
rotated_training_45,cursor,7,-45,40.69,23.69,43.52,31.18,40.06,29.19,36.45,36.63,37.18,40.21,39.29,49.62,22.59,38.29,3.08,40.24
rotated_training_45,cursor,8,-45,34.85,32.41,52.05,41.56,45,39.05,38.93,26.38,44.71,33.3,44.7,51.71,21.18,46.29,36.21,18.17
rotated_training_45,cursor,9,-45,37.16,32.56,31.94,28.19,35.89,33.46,31.55,22.88,40.76,41.84,43.32,36.18,22.75,52.24,30.43,34.49
rotated_training_45,cursor,10,-45,37.33,31.61,41.91,45.91,38.5,33.4,39.97,36.81,31.03,37.87,58.08,36.7,25.29,37.62,30.32,39.62
rotated_training_45,cursor,11,-45,40.79,31.63,38.57,38.09,28.11,41.42,32.41,37.6,39.64,40.39,44.71,40.96,29.9,34.2,34.6,21.49
rotated_training_45,cursor,12,-45,38.87,20.65,31.1,39.17,34.49,39.96,42.01,33.2,33.69,42.2,52.36,46.74,28.88,35.77,24.69,38.3
rotated_training_45,cursor,13,-45,39.63,28.05,40.89,51.47,41.94,44.13,39.43,26.32,38.15,36.17,44.37,47.56,23.98,42.3,52.74,20.83
rotated_training_45,cursor,14,-45,34.83,23.25,39.95,31.33,38.8,29.22,35.02,32.93,42.24,45.3,28.3,41.13,23.71,36.23,50.88,34.64
rotated_training_45,cursor,15,-45,36.99,25.65,32.07,46.44,51.97,33.31,38.59,31.52,39.17,32.44,43.01,41.11,28.8,27.88,16.44,31.88
rotated_training_45,cursor,16,-45,39.12,30.23,35.64,31.91,42.65,36.56,33.1,43.61,39.92,40.52,39.73,44.79,24.5,31.59,23.4,28.47
rotated_training_45,cursor,17,-45,33.44,26.57,46.48,44.57,20.09,41.67,50.75,40.58,41.85,39.09,34.97,34.4,21.25,36.12,60.04,35.04
rotated_training_45,cursor,18,-45,37.53,29.56,32.12,46.19,37.09,46.06,33.57,31.17,36.95,35.2,34.2,33.45,31.89,41.85,38.63,24.68
rotated_training_45,cursor,19,-45,39.6,27.29,34.15,39.94,43.24,36.56,32.37,37.35,34.74,42.51,41.9,42.66,17.49,38.27,47.86,26.82
rotated_training_45,cursor,20,-45,41,29.14,38.63,44.59,42.97,37.67,41.76,41.26,31.37,41.94,36.93,50.68,39.97,33.58,50.5,14.72
rotated_training_45,cursor,21,-45,40.21,29.82,38.16,42.66,33.48,46.53,40.53,34.56,37.38,39.14,41.57,38.47,29.53,38.57,47.11,22.45
rotated_training_45,cursor,22,-45,42.66,24.28,41.04,45.92,41.09,nan,34.2,37.54,nan,33.33,38.41,41.72,33.86,39.23,45,32.7
rotated_training_45,cursor,23,-45,36.25,21.76,41.66,37.99,44.62,43.62,40.22,33.96,38.34,31.47,45.91,46.68,30.24,39.21,23.7,21.19
rotated_training_45,cursor,24,-45,30.91,33.61,44.71,45.21,50.57,39.6,27.32,29.86,33.24,40.3,46.29,46.11,37.73,34.67,32.85,31.02
rotated_training_45,cursor,25,-45,33.16,37.8,48.56,46.48,34.11,40.21,48.2,35.57,36.48,39.09,48.73,45.61,37.35,38.57,44.44,16.23
rotated_training_45,cursor,26,-45,34.75,27.41,34.2,33.8,37.64,34.43,40.63,32.35,36.09,30.82,47.08,34.33,30.55,43.89,36.52,41.61
rotated_training_45,cursor,27,-45,44.4,34.21,42.88,51.43,51.66,49.57,41.65,29.88,28.76,33.53,41.04,36.87,45.83,37.52,36.37,42.86
rotated_training_45,cursor,28,-45,36.44,32.92,45.83,43.5,48.03,46.99,39.89,27.94,37.42,39.83,46.09,34.7,30.45,39.4,47.29,48
rotated_training_45,cursor,29,-45,44.81,23.4,41.17,50.12,32.28,62.73,38.13,36.75,36.56,34.09,44.81,48.63,39.73,43.07,39.2,28.35
rotated_training_45,cursor,30,-45,26.84,24.84,27.1,43.6,36.53,36.99,45,32.05,36.37,56.23,41.65,45.63,35.02,44.39,34.39,42.49
rotated_training_45,cursor,31,-45,37.98,27.56,35.1,33.63,35.39,53.93,36.53,32.69,43.21,42.14,41.34,43.3,38.8,42.3,40.02,42.11
rotated_training_45,cursor,32,-45,44.43,27.9,38.11,57.75,41.02,30.82,38.93,43.86,43.35,27.03,39.61,36.28,48.35,39.63,39.62,22.86
rotated_training_45,cursor,33,-45,40.96,27.78,50.96,39.51,50.27,47.21,41.63,32.55,29.46,46.93,38.76,47.27,34.85,41.24,40.54,40.54
rotated_training_45,cursor,34,-45,41.65,30.43,35.35,39.26,43,48.85,31.26,32.43,40.56,36.33,38.98,48.28,49.49,24.37,38.46,40.73
rotated_training_45,cursor,35,-45,32.8,30.96,39.68,33.57,34.82,44.42,43.38,36.16,42.13,9.02,41.66,46.78,37.53,43.34,58.49,31.32
rotated_training_45,cursor,36,-45,38.99,27.01,39.29,48.84,39.61,39.05,44.13,37.12,32.72,19.47,41.79,38.14,36.95,34.18,50.52,30.56
rotated_training_45,cursor,37,-45,37.5,33.47,43.39,49.11,48.49,41.85,38.24,35.54,28.98,45.58,50.83,36.79,31.3,43.14,12.71,43.5
rotated_training_45,cursor,38,-45,45.58,36.01,32.31,38.02,39.37,59.04,54.43,41.51,43.23,33.8,41.53,37.02,45.8,50.16,42.56,41.87
rotated_training_45,cursor,39,-45,39.14,35.4,44.71,43.95,45.56,25.41,45.3,29.26,39.39,43.73,40.11,38.66,34.16,34.62,44.09,37.67
rotated_training_45,cursor,40,-45,33.91,33.85,25.9,45.29,36.47,42.34,37.46,45,38.98,46.82,43.26,32.07,36.95,46.22,62.91,28.52
rotated_training_45,cursor,41,-45,33.75,35.3,38.25,31.1,49.3,46.8,38.79,40.19,43.01,25.37,38.82,38.75,35.09,26.84,66.8,33.57
rotated_training_45,cursor,42,-45,39.12,27.43,36.79,35.6,53.84,43.86,45,29.36,40.05,36.48,35.32,42.47,49.63,34.47,47.5,29.88
rotated_training_45,cursor,43,-45,44.42,33.85,33.69,38.31,39.76,41.82,41.5,41.46,41,45.59,39.02,41.26,32.03,38.6,34.72,31.71
rotated_training_45,cursor,44,-45,42.5,27.31,36.1,32.53,38.09,50.44,42.35,28.59,50.19,41.94,38.96,38.81,38.16,26.18,31.78,39.12
rotated_training_45,cursor,45,-45,38.71,33.02,42.1,36.07,36.87,53.39,29.1,29.38,35.54,18.05,39.92,45,37.78,41.1,49.21,32.84
no-cursor_45_include,no_cursor,1,-45,23.61,27.22,35.93,63.34,28.11,29.77,28.61,22,30.48,20.7,14.61,9.8,23.34,48.67,40.98,13.56
no-cursor_45_include,no_cursor,2,-45,27.03,21.88,41,51.2,24.55,5.92,38.69,18.65,28,34.59,32.1,35.78,34.82,17.27,37.92,2.78
no-cursor_45_include,no_cursor,3,-45,30.77,19.41,39.59,42.91,27.96,11.54,37.48,14.92,31.74,19.98,41.39,54.19,24.76,47.39,33.1,26.19
no-cursor_45_include,no_cursor,4,-45,27.72,24.64,35.41,62.28,24.86,25.35,31.78,23.59,22.93,11.69,39.81,36.63,23.53,44.8,34.67,26.7
no-cursor_45_include,no_cursor,5,-45,32.31,27.85,35.4,46.49,23.57,5,36.4,31.56,11.39,70.84,28.58,22.11,27.12,53.85,21.96,16.75
no-cursor_45_include,no_cursor,6,-45,32.35,20.7,28.38,81.75,36.83,24.75,26.57,18.84,26.47,53.19,30.86,27.25,30.1,29.72,8.73,26.32
no-cursor_45_include,no_cursor,7,-45,27.2,3.54,43.62,55.34,18.92,35.85,27.02,16.93,21.66,36.21,26.17,28.21,-21.54,23.51,19.42,13.18
no-cursor_45_include,no_cursor,8,-45,29.64,21.36,25.35,35.45,15.14,25.75,19.78,13.08,29.21,31.23,29.22,43.59,27.76,66.6,25.17,11.98
no-cursor_45_include,no_cursor,9,-45,28.39,30.96,42.05,87.39,18.56,7.1,40.9,12.33,24.52,10.17,32.44,2.34,17.4,51.77,14.13,16.62
no-cursor_45_exclude,no_cursor,1,-45,36.99,16.53,14.48,60.79,9.29,-3.18,13.37,11.56,10.9,14.59,25.72,10.16,30.7,16.34,-6.8,22.34
no-cursor_45_exclude,no_cursor,2,-45,35.44,21.96,22.19,34.75,11.99,24.4,10.06,15.77,15.9,10.59,26.09,20.32,34.61,1.78,13.37,3.14
no-cursor_45_exclude,no_cursor,3,-45,32.78,14.72,29.67,66.35,23.58,19.52,15.95,25.51,27.53,18.31,26.05,24.92,23.37,11.25,0.18,18.67
no-cursor_45_exclude,no_cursor,4,-45,24.06,15.18,13.26,76.91,22.77,21.84,12.84,13.76,27.31,12.85,26.44,29.08,21.84,8.08,7.57,12.59
no-cursor_45_exclude,no_cursor,5,-45,26.04,26.2,12.59,58.45,25.63,-2.52,0.87,24.44,24.26,28.39,37.41,14.04,35.74,12.5,15.18,26.93
no-cursor_45_exclude,no_cursor,6,-45,26.13,13.63,40.97,40.56,27.09,25.16,23.86,24.86,25.95,34.52,23.53,36.43,32.03,27.18,22.34,17.32
no-cursor_45_exclude,no_cursor,7,-45,23.16,13.53,23.96,38.8,31.61,37.98,23.2,26.31,12,30.26,26.31,32.77,15.26,16.83,2.27,10.15
no-cursor_45_exclude,no_cursor,8,-45,28.94,17.04,22.02,35.49,29.67,24.78,8.21,32.98,26.57,15.04,29.44,24.25,34.28,18.43,17.68,28
no-cursor_45_exclude,no_cursor,9,-45,24.38,20.45,-4.92,91.25,19.88,13.7,11.8,25.79,16.8,2.18,23.58,23.36,20.31,6.86,18.84,11.99
rotated_training_45_2,cursor,1,-45,26.29,23.57,23.99,23.36,30.96,4.03,20.58,20.41,24.94,13.7,45.58,24.65,37.35,21.7,37.5,17.25
rotated_training_45_2,cursor,2,-45,28.2,30,38.99,36.65,36.51,40.84,29.93,36.09,33.07,35.34,34.94,38.8,28.41,33.94,38.61,26.47
rotated_training_45_2,cursor,3,-45,39.18,36.59,29.9,46.96,37.5,34.54,46.04,35.49,27.75,31.81,37.51,32.21,30.45,43.87,25.84,24.8
rotated_training_45_2,cursor,4,-45,30.33,40.73,40.73,41.11,39.2,46.38,41.36,36.28,39.08,30.75,56.39,31.17,36.19,nan,62.56,19.78
rotated_training_45_2,cursor,5,-45,25.12,34.66,45.57,33.36,36.45,26.44,44.42,40.49,24.83,37.39,49.46,42.42,40.91,33.03,50.38,24.66
rotated_training_45_2,cursor,6,-45,35.23,31.26,28.19,40.6,43.79,42.21,45,38.14,34.68,48.95,32.12,55.25,43.67,36.3,42.26,62.5
rotated_training_45_2,cursor,7,-45,38.62,32.99,33.63,42.81,50.68,41.11,50.59,27.39,39.48,16.93,49.38,46.2,39.59,42.69,38.93,45.87
rotated_training_45_2,cursor,8,-45,40.46,36.93,41.02,50.74,35.45,26.01,33.1,nan,40.73,56.38,51.34,41.97,40.91,42.37,45.86,58.09
rotated_training_45_2,cursor,9,-45,36.25,36.39,29.26,65.01,38.36,44.79,39.41,39.63,33.15,44.42,44.02,33.16,34.23,30.38,33.53,68.09
rotated_training_45_2,cursor,10,-45,34.16,22.76,36.25,50.01,48,33.58,41.36,38.1,46.29,56.77,47.75,46.95,40.79,36.03,36.87,43.77
rotated_training_45_2,cursor,11,-45,30.96,40.53,38.08,28.19,35.32,22.98,38.66,35.2,36.7,42.98,48.83,36,36.1,30.82,40.63,45.3
rotated_training_45_2,cursor,12,-45,34.41,33.46,36.75,nan,40.9,40.22,45.3,34.92,33.11,32.56,35.07,41.15,42.68,38.53,59.17,42.19
rotated_training_45_2,cursor,13,-45,40.94,36.15,43.81,47.4,39.84,41.92,44.44,36.74,39.68,45.3,48.67,44.58,42.82,36.7,48.16,24.89
rotated_training_45_2,cursor,14,-45,38.61,31.36,27.11,48.08,36.37,41.55,40.08,37.5,37.82,44.39,38.5,29.62,32.38,40.75,nan,40.7
rotated_training_45_2,cursor,15,-45,50.65,37.69,49.98,38.11,45.29,40.88,43.26,34.73,30.83,42.69,63.19,40.67,39.17,35.76,40.17,37.08
rotated_training_45_2,cursor,16,-45,39.73,27.94,48.56,32.44,40.28,27.8,38.52,39.63,41.24,36.49,47.56,43.84,34.24,36.38,52.49,31.39
rotated_training_45_2,cursor,17,-45,37.93,34.78,39.69,48.32,41.42,42.83,42.24,38.14,43.02,63.17,50.53,47.51,42.5,39.35,40.58,50.61
rotated_training_45_2,cursor,18,-45,35.29,44.47,29.35,48.1,47.94,40.45,46.5,42.87,39.4,43.66,44.14,17.38,35.11,49.14,44.43,38.59
rotated_training_45_2,cursor,19,-45,35.06,36.53,59.47,55.6,34.49,17.81,43.18,37.23,41.33,45.91,52.59,37.62,35.77,41.99,80.4,15.11
rotated_training_45_2,cursor,20,-45,24.4,29.17,40.54,43.56,40.45,37.53,33.57,37.54,36.53,42.53,50.99,40.96,40.09,43.03,32.36,47.74
rotated_training_45_2,cursor,21,-45,38.75,35.86,47.95,38.31,36.83,32.44,46.92,42.58,40.34,43.56,50.98,46.77,34.54,33.52,47.53,32.59
no-cursor_45_exclude_2,no_cursor,1,-45,25.83,23.51,4.71,32.72,13.52,20.48,34.04,21.56,28.86,11.31,25.65,30.5,19.08,0.21,-9.78,9.99
no-cursor_45_exclude_2,no_cursor,2,-45,30.96,16.82,17.86,29.48,18.05,39.08,7.34,24.63,24.55,15.45,26.74,15.83,17.9,10.44,22.4,24.13
no-cursor_45_exclude_2,no_cursor,3,-45,25.8,19.69,20.9,53.71,37.21,40.77,15.95,25.51,33.41,9.5,36.87,24.39,23.05,32.56,7.17,22.81
no-cursor_45_exclude_2,no_cursor,4,-45,14.23,19.97,16.41,42.42,12.99,35.54,12.22,24.34,28.18,14.99,23.71,30.12,28.43,13.47,22.78,20.69
no-cursor_45_exclude_2,no_cursor,5,-45,30.32,14.36,26.41,44.79,20.73,22.88,30.33,19.64,30.37,20.2,25.2,37.62,27.14,10.23,1.23,37.87
no-cursor_45_exclude_2,no_cursor,6,-45,34.91,26.38,9.29,43.23,13.97,22.51,9.5,19.03,28.7,20.96,37.99,29.54,18.17,-4.27,30.33,14.08
no-cursor_45_exclude_2,no_cursor,7,-45,36.28,9.83,7.09,46.41,30.28,32.62,13.75,23.37,13.34,13.54,40.98,19.6,21.8,1.72,-17.86,26.84
no-cursor_45_exclude_2,no_cursor,8,-45,18.31,18.43,23.25,51.01,16.13,13.26,20.68,17.63,16.48,-0.2,36.81,23.56,17.27,0,10.61,16.89
no-cursor_45_exclude_2,no_cursor,9,-45,27.9,14.12,-2.42,44.14,29.43,15.26,16.65,30.22,21.77,10.36,30.69,31.82,27.92,29.62,14.94,18.71
no-cursor_45_include_2,no_cursor,1,-45,24.94,12.25,29.92,34.23,23.05,34.55,18.34,8.62,11.77,13.26,26.84,36.16,22.22,54.23,9.66,32.38
no-cursor_45_include_2,no_cursor,2,-45,18.26,10.58,7.81,44.8,21.16,5.54,36.53,16.05,19.61,20.84,33.1,10.9,20.05,49.57,19.49,64.21
no-cursor_45_include_2,no_cursor,3,-45,24.34,26.82,32.45,35.54,38.4,33.92,38.76,23.99,14.23,20.2,38.84,41.13,30.56,54.5,12.64,27.72
no-cursor_45_include_2,no_cursor,4,-45,28.35,14.18,26.19,35.59,27.47,21.63,28.89,28.2,17.89,24.68,33.36,54.22,22.72,54.64,6.47,7.73
no-cursor_45_include_2,no_cursor,5,-45,22.14,18.69,19.67,43.49,15.53,6.79,40.34,27.27,28.27,15.26,45.56,49.54,15.64,67.38,26.2,34.62
no-cursor_45_include_2,no_cursor,6,-45,22.9,18.18,2.51,37.85,26.66,26.65,41.4,26.57,23.25,16.2,38.1,14.62,24.41,26.21,18.18,46.92
no-cursor_45_include_2,no_cursor,7,-45,12.22,15.78,36.99,43.05,15.38,21.91,40.85,31.82,27.54,11.77,38.31,10.23,13.95,59.08,35.6,42.62
no-cursor_45_include_2,no_cursor,8,-45,21.21,25.74,31.66,46.13,30.89,31.78,37.23,20.84,23.3,11.47,31.36,50.82,28.47,61.55,40.39,51.44
no-cursor_45_include_2,no_cursor,9,-45,21.01,22.68,26.85,34.99,29.34,1.85,33.86,31.79,22.47,12.11,35.58,23.31,11.97,55.94,28,56.75
rotated_training_60,cursor,1,-60,34.64,31.18,48.76,30.09,33.1,24.9,nan,nan,nan,29.22,49.44,40.63,31.96,nan,35.64,62.95
rotated_training_60,cursor,2,-60,30.09,41.7,55.04,46.52,42.58,39.06,50.33,44.71,46.02,26.85,57.93,42.88,38.09,51.29,58.49,22
rotated_training_60,cursor,3,-60,39.38,46.05,48.27,47.01,46.89,53.31,48.06,38.11,45.82,29.41,48.31,49.42,52.09,55.15,33.99,73.59
rotated_training_60,cursor,4,-60,49.01,35.93,50.59,59.43,54.76,50.42,61.93,42.1,41.97,56.06,62.43,53.09,51.41,59.99,73.06,56.89
rotated_training_60,cursor,5,-60,62.15,44.79,44.71,54.16,59.77,42.57,48.89,54.23,52.75,43.58,59.18,53.79,42.41,55.17,53.59,49.26
rotated_training_60,cursor,6,-60,49.42,40.35,52.41,45.89,43.28,33.4,54.87,37.23,35.64,50.54,55.11,62.39,40,64.67,54.75,34.82
rotated_training_60,cursor,7,-60,58.09,51.56,43.77,75.27,40.46,51.95,58.09,42.24,55.08,29.48,63.3,62.98,43.94,56.62,68.32,69.94
rotated_training_60,cursor,8,-60,53.7,37,49.83,55.64,49.29,43,58.28,44.4,52.75,51.13,70.2,58.15,49.56,57.99,61.95,66.21
rotated_training_60,cursor,9,-60,56.6,51.11,57.62,51.24,45,56.06,46.82,40.67,52.09,33.21,49.92,47.68,51.31,39.73,63.03,48.35
rotated_training_60,cursor,10,-60,56.59,48.4,34.96,57.01,57.74,59.32,59.83,38.95,52.09,52.43,51.56,57.37,55.77,48.54,58.36,55.46
rotated_training_60,cursor,11,-60,48.59,21.04,46.58,41.92,54.96,55.92,60.89,38.6,50.48,62.81,53.61,60.05,43.53,34.54,68.39,45
rotated_training_60,cursor,12,-60,50.14,44.38,53.78,47.36,43.02,52.97,71.29,46.79,52.5,43.69,67.87,62.78,45.82,60.64,49.49,35.73
rotated_training_60,cursor,13,-60,54.16,42.95,64.67,52.83,45,58.99,54.75,53.46,45.81,52.35,59.66,57.37,47.3,51.67,60.78,56.39
rotated_training_60,cursor,14,-60,49.82,38.34,46.06,54.11,40.31,nan,42.89,46.98,53.3,56.39,60.75,60.11,60.36,34.41,77.29,47.86
rotated_training_60,cursor,15,-60,58.97,43.77,53.25,70.35,62.47,40.16,60.44,44.38,53.75,63.88,62.08,59.52,48.18,40.76,37.87,37.64
rotated_training_60,cursor,16,-60,54.02,52.09,53.63,54.57,50.3,53.29,60.86,51.52,58.02,71.1,51.56,54.99,47.06,45.3,59.7,54.46
rotated_training_60,cursor,17,-60,55.47,42.05,55.23,53.41,58.89,52.87,50.19,47.98,60.43,51.16,60.48,61.27,56.76,54.32,53.63,59.04
rotated_training_60,cursor,18,-60,48.81,20.71,52.61,31.32,52.85,53.89,50.44,29.93,60.15,44.71,62.19,58.19,51.05,47.94,55.15,60.44
rotated_training_60,cursor,19,-60,55.92,43.79,58.08,48.65,56.73,40.76,55.84,45.2,56.62,55.4,48.01,51.04,50.12,39.23,51.99,33.52
rotated_training_60,cursor,20,-60,42.5,31.91,66.14,54.9,41.41,25.71,49.4,53.26,58.5,57.09,55.06,50.92,44.69,54.94,52.75,41.72
rotated_training_60,cursor,21,-60,47.15,45.84,38.25,56.39,45.59,43.65,62.37,55.57,45.31,41.96,71.16,65.43,46.74,50.63,35.17,65.56
rotated_training_60,cursor,22,-60,50.33,35.13,45,58.69,52.13,47.12,55.48,47.26,56.73,55.02,51.07,59.7,46.52,51.97,48.09,54.21
rotated_training_60,cursor,23,-60,55.81,45,48.39,50.99,50.68,57.68,37.72,55.74,59.38,45,56.56,40.19,53.46,57.3,95.01,63.24
rotated_training_60,cursor,24,-60,40.62,42.35,61.09,51.37,54.16,47.16,55.74,58.89,54.18,40.93,59.53,50.57,39.02,47.01,66.37,61.5
rotated_training_60,cursor,25,-60,51.05,43.03,65.38,55.86,59.86,48.28,55.01,54.99,53.49,48.3,53.57,69.34,57.9,38.06,41.57,38.03
rotated_training_60,cursor,26,-60,58.45,56.26,57.39,43.21,43.88,53.5,56.78,46.7,52.05,60.06,59.88,63.43,35.13,53.01,53.43,43.49
rotated_training_60,cursor,27,-60,41,31.17,65.89,55.99,53.01,48.87,55.89,56.26,47.44,46.89,60.51,54.37,43.49,55.66,56.03,62.66
rotated_training_60,cursor,28,-60,62.67,45.27,48.76,67.42,55.72,68.98,66.75,48.6,59.56,76.63,67.68,54.36,54.1,39.86,38.57,50.16
rotated_training_60,cursor,29,-60,61.73,41.13,61.76,41.22,59.5,56.83,58.25,59.86,61.18,40.58,53.13,50.63,58.71,48.04,48.25,57.28
rotated_training_60,cursor,30,-60,50.71,55.11,55.17,43.79,47.74,42.46,48.58,38.05,61.45,58.56,62.53,63.43,46.32,60.4,43.81,43.77
rotated_training_60,cursor,31,-60,64.83,33.69,57.41,43.84,65.42,53.68,58.96,53.13,46.71,50.53,70.07,64.98,34.48,18.57,54.85,46.5
rotated_training_60,cursor,32,-60,55.55,47.23,48.91,37.87,49.69,60.02,46.23,54.41,59.32,65.35,64.88,58.24,57.63,48.23,77.28,52.3
rotated_training_60,cursor,33,-60,55.3,56.98,60.61,54.17,57.29,50.91,55.06,50.12,54.55,46.25,54.7,50.8,43.55,56.79,28.68,34.54
rotated_training_60,cursor,34,-60,53.55,49.4,56.19,55.6,55.39,56.31,64.01,54.9,57.4,57.25,56.99,54.71,41.57,51.15,63.68,nan
rotated_training_60,cursor,35,-60,56.86,43.1,54.16,51.41,53.41,52.82,59.25,56.37,58.41,72.46,61.53,57.9,57.05,62.9,60.72,53.45
rotated_training_60,cursor,36,-60,47.8,29.3,47.76,79.04,52.96,54.2,64.78,43.81,54.07,44.46,64.35,55.25,44.13,55.86,53.17,41.69
rotated_training_60,cursor,37,-60,51.25,41.67,58.64,64.25,62.1,51.24,59.49,50.6,51.95,50.27,59.7,62.08,45,34.33,74.58,29.14
rotated_training_60,cursor,38,-60,56.87,49.14,65.32,58.76,58.68,54.43,50.89,36.71,55.57,51.83,57.74,53.29,57.79,56.39,49.86,57.44
rotated_training_60,cursor,39,-60,57.15,39.99,53.02,44.41,47.13,60.87,63.15,58.18,48.04,59.8,59.33,57.62,47.4,54.37,40.43,60.69
rotated_training_60,cursor,40,-60,50.09,50.74,45.95,58.18,55.3,53.59,59.59,37.91,50.68,42.87,55.18,57.93,54.17,34.38,64.75,28.76
rotated_training_60,cursor,41,-60,64.86,35.39,53.79,59.18,52.23,49.11,47.06,43.83,51.28,54.31,61,66.8,48.63,51.95,65.63,68.63
rotated_training_60,cursor,42,-60,62.97,56.08,56.24,52.7,58.98,56.15,62.07,36.09,54.76,44.37,58.19,66.75,54.85,53.54,42.88,61.6
rotated_training_60,cursor,43,-60,49.54,36.37,62.43,53.21,69.09,54.4,51.07,48.83,52.87,46.2,55.6,51.6,59.1,59.77,49.42,67.57
rotated_training_60,cursor,44,-60,52.84,44.71,53.94,57.05,47.79,54.56,59.04,57.91,58.08,63.53,58.69,57.11,38.83,49.37,65.86,74.38
rotated_training_60,cursor,45,-60,53.43,49.1,59.61,59.35,54.06,48.61,54.67,36.6,55.57,40.79,61.53,60.79,47.52,42.22,49.98,36.16
no-cursor_60_exclude,no_cursor,1,-60,42.06,43.81,3.2,49.21,30.81,14.32,3.27,27.47,30.12,17,35.78,24.51,26.08,5.16,9.36,-6.79
no-cursor_60_exclude,no_cursor,2,-60,25.3,30.96,25.2,53.84,33.58,19.03,21.63,37.59,40.47,32.69,56.89,35.88,38.46,39.52,-7.79,3.56
no-cursor_60_exclude,no_cursor,3,-60,37.92,21.84,10.13,40.47,36.6,39.02,23.58,32.85,27.5,29.97,42.81,49.15,16.15,8.77,3.49,15.29
no-cursor_60_exclude,no_cursor,4,-60,32.39,21.96,-0.49,59.97,35.45,26.76,23.69,29.97,39.14,31.06,40.69,41.59,29.74,2.5,-43.94,25.69
no-cursor_60_exclude,no_cursor,5,-60,45.57,32.36,12.78,34.64,33.19,32.67,2.95,24.8,13.82,18.43,38.3,37.04,27.88,-6.83,3.59,20.56
no-cursor_60_exclude,no_cursor,6,-60,21.01,33.03,35.15,60.9,6.3,37.57,21.88,28.44,35.69,-3.34,52.52,39.09,39.14,39.55,6.47,47.86
no-cursor_60_exclude,no_cursor,7,-60,25.15,21.77,22.87,28.13,17.03,32.12,17.13,25.58,30.1,16.43,32.63,33.19,34.49,30.82,-4.06,17.48
no-cursor_60_exclude,no_cursor,8,-60,33.69,17.74,11.53,35.24,26.43,28.68,6.63,34.19,25.5,32.69,41.94,39.55,22.01,4.91,-8.29,28.61
no-cursor_60_exclude,no_cursor,9,-60,29.47,22.95,19.78,55.58,26.57,29.67,18.7,24.24,37.69,18.18,34.77,29.72,23.62,-10.8,-5.55,17.83
no-cursor_60_include,no_cursor,1,-60,29.5,29.95,21.12,45.81,21.1,15.9,43.5,30.96,35.11,15.26,29.52,18.03,25.19,54.9,54.36,36.03
no-cursor_60_include,no_cursor,2,-60,23.94,22.84,48.51,34.29,18.04,29.18,57.63,29.63,22.53,22.89,43.54,27.63,24.38,62.94,52.59,50.47
no-cursor_60_include,no_cursor,3,-60,29.62,26.93,41.41,35.1,37.08,26.93,44.16,28.33,29.02,6.87,50.83,47.59,50.35,48.09,48.56,41.09
no-cursor_60_include,no_cursor,4,-60,30.45,20.43,31.11,38.09,24.73,18.53,49.47,31.57,40.3,7.61,46.64,45.88,47.36,65.18,37.3,10.63
no-cursor_60_include,no_cursor,5,-60,22.45,14.8,27.01,42.85,21.04,33.93,46.95,12.2,32.71,25.58,47,35.88,28.2,72.79,66.21,41.3
no-cursor_60_include,no_cursor,6,-60,33.63,21.8,42.74,36.15,23.76,24.94,45.61,29.05,43.91,21.77,42.81,28.68,33.47,66.12,67.3,39.4
no-cursor_60_include,no_cursor,7,-60,32.12,23.6,40.79,31.96,27.55,41.46,28.3,20.18,39.71,16.02,91.11,22.36,37.2,46.21,76.15,47.33
no-cursor_60_include,no_cursor,8,-60,15.98,29.91,17.76,51.64,20.18,38.53,41.48,28.05,29.94,21.23,51.63,21.04,23.98,56.56,40.65,15.55
no-cursor_60_include,no_cursor,9,-60,24.68,16.94,39.14,64.73,30.45,18.83,51.14,29.13,37.03,28.51,43.52,39.45,23.34,62.88,48.49,26.57
rotated_training_60_2,cursor,1,-60,32.54,45.29,50.77,62.65,34.26,40.08,nan,49.28,38.72,23.5,58.17,36.41,47.58,42.69,55.6,45.89
rotated_training_60_2,cursor,2,-60,41.32,25.29,52.06,47.34,45.61,61.76,61.82,47.42,49.82,44.41,43.5,56.43,45.89,33.63,70.06,56.31
rotated_training_60_2,cursor,3,-60,33.4,47.03,57.76,23.65,45.8,45.85,60.95,42.53,45.52,47.56,50.86,59.14,53.82,nan,67.97,53.68
rotated_training_60_2,cursor,4,-60,43.99,34.99,58.47,55.34,46.9,58.36,56.01,24.28,52.72,56.16,57.91,54.16,43.82,45.64,60.7,54.75
rotated_training_60_2,cursor,5,-60,50.09,52.2,56.37,53.34,52.26,47.83,32.21,38.08,56.9,58.91,58.64,47.06,56.56,54.99,56.77,34.64
rotated_training_60_2,cursor,6,-60,45.57,45.6,55.71,39.73,59.04,45.3,46.25,45.3,50.8,45.82,56,52.52,51.73,45.91,63.15,60.26
rotated_training_60_2,cursor,7,-60,46.7,41.79,26.95,68.9,61.27,42.08,55.38,33.77,57.64,56.59,55.33,58.89,45.28,41.02,56.57,43.52
rotated_training_60_2,cursor,8,-60,55.82,56.01,52.94,31.17,59.4,56.61,55.78,39.01,55.49,57.72,42.96,53.68,47.17,41.8,58.32,34.77
rotated_training_60_2,cursor,9,-60,52.88,46.7,39.43,61.39,43.77,53.9,49.56,43.51,52,57.2,49.78,45,48.22,58.06,39.88,52.63
rotated_training_60_2,cursor,10,-60,54.05,45.63,60.78,55.57,54.15,54.94,59.48,49.62,55.25,63.35,52.56,53,56.73,47.77,63.77,54.96
rotated_training_60_2,cursor,11,-60,49.43,55.41,59.62,66.91,64.29,53.34,45.3,57.17,43.06,43.2,51.01,49.04,51.85,47,69.48,31.73
rotated_training_60_2,cursor,12,-60,46.14,43.3,50.25,66.12,61.53,54.08,64.5,45.83,56.96,55.19,55.74,57.81,50.45,52.37,35.44,80.73
rotated_training_60_2,cursor,13,-60,55.94,28.59,61.89,64.09,61.14,59.95,51.64,47.11,57.93,59.34,56.71,59.08,50.77,49.67,56.39,72.36
rotated_training_60_2,cursor,14,-60,50.99,53.72,53.73,123.69,55.72,76.46,54.71,51.13,42.64,38.54,56.69,60.12,53.07,34.67,51.84,66.64
rotated_training_60_2,cursor,15,-60,56.54,46.93,61.34,110.84,54.88,60.13,59.11,45.76,54.74,62.57,50.07,41.99,59.11,52.34,69.35,67.49
rotated_training_60_2,cursor,16,-60,60.76,48.07,57.37,71.7,46.74,56.46,52.2,64.26,52.05,49.3,64.02,47.81,50.05,53.41,61.55,54.51
rotated_training_60_2,cursor,17,-60,40.51,31.03,61.41,41.81,53.85,63.84,54.78,50.8,55.99,45.54,54.37,62.96,51.51,50.5,53.13,54.46
rotated_training_60_2,cursor,18,-60,40.31,54.18,32.99,54.41,48.92,57.48,66.43,61.88,57.11,50.17,59.45,58.69,54.13,52.87,70.8,68.28
rotated_training_60_2,cursor,19,-60,40.46,31.94,46.73,57.25,57.4,50.74,52.61,58.45,42.07,40.91,55.76,53.19,51.1,52.26,47.11,60.95
rotated_training_60_2,cursor,20,-60,46.67,52.96,33.57,70.4,40.89,62.78,60.03,52.38,51.01,65.03,55.23,52.92,56.26,38.86,55.1,64.58
rotated_training_60_2,cursor,21,-60,49.56,61.31,55.08,64.1,45.56,69.9,65.56,52.46,61.72,53.24,55.95,50.92,55.49,54.57,60.51,56.07
no-cursor_60_include_2,no_cursor,1,-60,25.95,25.77,20.21,56.02,12.99,47.53,48.63,15.63,48.58,32.77,35.29,30.34,44.41,54.61,49.27,50.83
no-cursor_60_include_2,no_cursor,2,-60,31.82,17.96,39.91,51.43,29.29,42.71,55.91,33.98,45.91,18.31,44.39,28.48,40.11,54.61,59.97,29.82
no-cursor_60_include_2,no_cursor,3,-60,36.44,18.43,21.04,62.79,31.69,36.7,58.63,22.24,53.67,25.97,48.89,43.18,44.49,56.78,61.9,62.19
no-cursor_60_include_2,no_cursor,4,-60,37.42,26.84,35.61,68.69,24.59,53.54,55.41,24.04,46.43,-5.23,37.7,33.17,31.76,49.21,33.85,60.47
no-cursor_60_include_2,no_cursor,5,-60,30.09,15.63,42.41,39.35,31.17,61.11,60.63,18.05,34.77,17.4,46.15,29.28,24.02,50.71,41.19,37.18
no-cursor_60_include_2,no_cursor,6,-60,41.09,16.79,29.21,63.91,34.77,33.46,56.83,31.4,42.91,16.56,42.48,32.06,34.32,51.37,18.43,48.16
no-cursor_60_include_2,no_cursor,7,-60,36.18,23.51,21.63,64.98,23.96,22.2,43.8,26.65,42.2,28.55,41.21,43.13,28.35,66.37,25.9,53.25
no-cursor_60_include_2,no_cursor,8,-60,41.4,27.36,41.26,60.28,17.76,15.61,53.56,25.17,28.56,14.72,41.94,42.36,46.82,58.91,24.23,58.7
no-cursor_60_include_2,no_cursor,9,-60,45.57,18.19,29.31,70.11,30.34,34.75,64.24,40.89,39.45,20.18,34.89,39.47,26.4,55.98,49.4,42.83
no-cursor_60_exclude_2,no_cursor,1,-60,25.35,17.68,0.38,38.88,30.34,42.17,4.09,32.47,32.1,8.24,34.54,17.95,26.17,7.5,2.03,nan
no-cursor_60_exclude_2,no_cursor,2,-60,19.08,21.19,29.77,57.93,29.77,36.23,18.53,29.74,26.21,4.54,38.6,32.2,39.74,19.2,-13.02,30.96
no-cursor_60_exclude_2,no_cursor,3,-60,20.31,24.67,18.19,59.79,25.27,41.87,24.34,26.29,27.91,4.65,23.42,36.59,11.85,22.68,9.4,16.11
no-cursor_60_exclude_2,no_cursor,4,-60,20.35,16.67,19.83,65.88,35.63,16.39,23.31,26.43,39.6,31.37,36.03,27.02,26.57,9.6,2.85,13.04
no-cursor_60_exclude_2,no_cursor,5,-60,24.25,25.3,16.06,69.24,30.23,34.7,28.13,28.94,20.47,25.97,34.03,28.52,18.9,19.88,7.31,23.1
no-cursor_60_exclude_2,no_cursor,6,-60,37.5,24.16,26.48,54.08,21.4,19.98,4.09,32.68,29.2,18.81,40.94,34.38,29.46,31.16,5,7.39
no-cursor_60_exclude_2,no_cursor,7,-60,28.63,18.92,3.41,51.15,26.48,24.9,13.82,18.76,26.57,16.37,39.08,28.17,21.55,17.12,22.04,5.42
no-cursor_60_exclude_2,no_cursor,8,-60,28.15,16.67,19.43,51.15,33.92,44.19,3.92,43.99,28.27,12.03,38.19,24.78,28.85,22.64,10.07,33.91
no-cursor_60_exclude_2,no_cursor,9,-60,24.54,25.25,22.26,49.24,36.99,31.41,21.41,30.55,36.24,6.11,38.76,28.94,31.34,15.04,6.17,24.83
