task,trial,rotation_angle_deg,15,21,23,17,13,19,31,29,27,35,11,05,9,25,7,p01
practice_reaches,1,0,7.87,8.80,14.23,4.31,-5.93,6.70,-2.56,8.13,7.87,19.10,9.50,7.52,-5.09,7.81,-3.06,-27.11
practice_reaches,2,0,1.11,-0.42,-2.67,-0.59,2.36,0.60,0.58,4.97,14.24,2.27,7.16,8.31,28.76,7.41,19.39,10.97
practice_reaches,3,0,-5.95,0.29,1.93,4.15,4.40,-0.61,4.50,8.49,9.78,-10.77,5.73,21.10,0.80,0.30,5.33,3.14
practice_reaches,4,0,0.00,-13.12,-1.61,4.06,-0.75,4.40,1.25,4.18,-1.59,2.07,-3.64,4.26,-2.06,2.56,3.23,-1.71
practice_reaches,5,0,0.19,7.52,6.01,2.19,-1.02,1.38,7.54,8.24,12.33,4.76,-4.92,0.61,7.72,4.46,1.45,-2.51
practice_reaches,6,0,4.78,3.37,-3.79,13.21,0.85,11.23,1.81,4.69,4.16,2.67,3.56,4.65,-2.99,4.43,9.73,2.59
practice_no-cursor,1,0,-6.64,-4.53,-15.11,-0.54,3.81,11.46,6.91,-5.66,5.74,12.83,-0.40,4.18,-10.53,-1.64,2.01,0.64
practice_no-cursor,2,0,-5.92,7.63,13.11,1.77,2.08,3.52,1.28,-13.68,3.29,0.00,-7.35,-1.61,16.14,24.18,5.23,-3.65
practice_no-cursor,3,0,5.69,16.21,8.36,-5.14,-3.22,11.65,7.34,5.65,0.21,-6.80,8.24,4.86,-1.25,-3.47,1.10,-3.95
practice_no-cursor,4,0,6.28,11.63,11.54,-5.12,-2.48,8.35,0.91,-6.49,7.05,-2.13,4.92,1.72,-1.16,1.77,1.37,-1.85
practice_no-cursor,5,0,-5.46,7.15,19.43,-1.62,2.95,2.82,2.92,2.73,9.98,-0.42,6.47,3.14,-4.86,28.69,-0.21,1.40
practice_no-cursor,6,0,7.67,3.23,10.20,-1.67,8.25,0.00,-6.39,-10.05,9.28,-1.25,2.42,3.22,8.49,11.95,-4.86,-4.83
aligned_traning_1,1,0,0.64,8.39,-2.11,0.88,12.84,5.50,-2.91,2.64,1.10,0.61,6.91,10.13,-1.80,-1.02,-6.11,5.12
aligned_traning_1,2,0,5.91,-1.02,10.83,-1.77,1.70,-2.35,-2.08,-1.84,2.90,-2.13,7.02,1.88,-2.18,-2.15,-2.31,0.84
aligned_traning_1,3,0,11.01,2.70,-1.28,-9.43,-1.98,-1.18,0.86,2.58,4.40,5.81,1.93,13.41,1.16,11.39,10.01,-3.63
aligned_traning_1,4,0,-5.40,-1.76,1.32,14.76,-2.90,0.61,-1.21,2.59,0.00,1.46,0.79,-3.19,0.00,4.30,8.17,-2.33
aligned_traning_1,5,0,-2.24,-6.39,1.30,0.29,3.86,13.12,3.20,-0.60,4.78,0.30,4.21,-1.75,6.61,11.39,-3.84,-0.80
aligned_traning_1,6,0,10.27,5.49,-4.18,-2.19,-3.71,2.86,5.08,9.02,4.52,-4.30,3.50,3.06,-1.14,-1.73,-4.40,2.36
aligned_traning_1,7,0,-3.24,-1.21,4.21,3.61,3.65,6.68,2.26,0.00,7.44,-7.01,4.73,-2.28,1.58,3.21,0.21,2.51
aligned_traning_1,8,0,-0.92,2.84,3.04,3.56,-0.30,6.11,-1.83,6.34,1.71,2.18,6.16,2.45,-1.06,0.31,6.75,5.22
aligned_traning_1,9,0,4.64,1.07,-0.43,2.40,3.77,-0.59,-2.15,-5.05,1.21,1.27,-2.04,1.70,-0.61,10.59,3.24,3.03
aligned_traning_1,10,0,1.40,9.40,-4.46,9.98,-3.30,2.14,-1.14,-0.17,-2.41,3.98,-10.42,-4.69,-6.30,1.25,-3.38,3.56
aligned_traning_1,11,0,3.41,3.79,2.44,1.66,-13.02,0.78,4.73,4.25,1.57,1.96,-2.42,5.96,-0.57,-0.60,0.00,-2.88
aligned_traning_1,12,0,1.67,-3.61,0.21,1.84,1.15,1.38,-3.76,5.05,10.81,-5.99,3.17,4.59,-1.47,1.93,-1.61,2.55
aligned_traning_1,13,0,6.60,-0.41,5.67,3.01,9.26,-0.91,-1.49,-4.21,2.41,-3.74,1.99,-3.89,-7.23,13.65,5.12,-2.08
aligned_traning_1,14,0,-4.61,-2.38,2.48,6.39,0.19,10.74,2.58,2.05,6.01,-1.47,-4.43,10.76,-2.82,-5.65,0.56,-3.42
aligned_traning_1,15,0,-2.65,2.69,0.62,2.05,-3.70,0.21,-0.84,0.53,2.11,0.00,-1.58,1.84,-2.51,8.62,-2.42,9.98
aligned_traning_1,16,0,-4.10,-0.60,-4.52,3.54,-1.09,-6.40,2.30,1.50,-3.09,-1.44,-4.10,-6.53,-1.72,-6.47,-5.55,0.29
aligned_traning_1,17,0,1.78,0.77,6.12,11.23,13.65,8.99,-1.81,11.91,5.31,1.30,5.58,-2.95,-3.98,7.50,-6.61,-2.14
aligned_traning_1,18,0,2.73,3.39,-3.97,1.27,6.22,-1.87,9.12,4.83,0.00,0.58,4.58,5.29,-1.40,-0.20,-3.63,3.87
aligned_traning_1,19,0,-4.07,-3.39,4.59,-10.63,1.56,9.87,-2.52,6.97,4.34,0.78,-3.76,-3.86,-1.80,8.81,-2.44,1.15
aligned_traning_1,20,0,-4.31,4.16,-1.82,9.33,1.49,0.00,-0.54,-2.51,3.34,-2.49,9.07,1.89,-3.65,-1.16,0.27,1.06
aligned_traning_1,21,0,8.75,-1.72,-9.22,4.97,-5.23,4.38,7.08,3.43,0.93,-5.14,-4.40,4.74,3.79,-4.40,-3.30,7.41
aligned_traning_1,22,0,5.63,-1.14,7.43,7.44,1.35,-1.47,-4.10,-2.46,0.57,0.00,-0.72,-2.51,3.60,-1.37,-2.05,4.82
aligned_traning_1,23,0,-2.65,0.98,-1.27,3.64,2.31,13.93,1.36,-0.59,-1.17,0.41,-1.34,3.03,-1.07,3.87,-0.95,-2.73
aligned_traning_1,24,0,2.92,3.72,-6.44,6.86,-1.05,6.53,7.84,4.98,-0.82,2.12,-4.75,0.25,1.15,4.65,3.54,-5.99
aligned_traning_1,25,0,3.72,-0.26,-3.18,-5.71,-1.19,9.89,5.31,-4.73,3.30,-4.43,nan,3.35,-1.70,-4.90,-1.36,3.87
aligned_traning_1,26,0,5.88,7.69,-0.20,2.33,4.43,-1.25,1.57,2.74,1.55,-1.15,3.22,4.91,2.67,1.41,1.21,5.27
aligned_traning_1,27,0,-1.83,7.80,6.08,-4.43,0.29,0.29,-1.10,-0.82,4.16,-2.99,-6.26,-8.34,-4.76,0.55,0.78,0.25
aligned_traning_1,28,0,0.46,2.12,-6.84,2.04,1.25,-1.96,1.04,nan,3.01,-4.93,-6.72,3.37,-1.28,0.88,-5.81,5.53
aligned_traning_1,29,0,-5.46,3.54,-4.74,4.80,-6.40,-3.49,-2.26,1.48,0.30,1.26,2.90,4.54,1.65,6.21,-4.43,-1.03
aligned_traning_1,30,0,1.87,-2.46,-3.84,-9.67,5.46,0.83,1.21,4.76,1.38,2.78,-1.46,6.34,-2.35,2.44,1.33,-1.81
aligned_traning_1,31,0,-1.67,-1.30,0.77,-2.09,-2.26,5.85,-1.06,-7.96,9.19,4.34,-3.25,3.61,0.18,0.61,-1.62,4.37
aligned_traning_1,32,0,-7.35,5.15,-2.39,9.11,-7.67,0.00,3.01,3.25,3.64,3.21,1.29,-1.83,nan,-3.31,-6.55,-1.46
aligned_traning_1,33,0,-6.34,7.33,4.04,5.71,5.03,0.85,-3.20,4.40,-2.35,-1.50,-0.89,1.15,0.56,-2.12,-6.03,5.83
aligned_traning_1,34,0,6.55,-1.96,-1.96,0.41,-0.20,-0.28,-1.71,9.90,0.83,3.39,0.26,-17.90,-1.31,3.84,-3.83,4.04
aligned_traning_1,35,0,-5.34,4.46,5.19,-0.55,3.30,4.92,-2.79,0.53,5.75,-1.09,-7.36,nan,-3.85,1.71,nan,-1.32
aligned_traning_1,36,0,-4.57,10.32,-2.96,2.97,2.74,9.53,8.82,6.04,0.63,-3.56,-2.09,-0.86,6.38,1.84,-3.32,1.96
aligned_traning_1,37,0,14.14,0.56,3.98,0.00,-0.82,11.99,1.94,1.31,6.34,-5.35,0.18,3.79,-1.23,0.64,2.88,2.25
aligned_traning_1,38,0,-8.69,5.71,6.22,9.39,3.12,1.07,-0.20,3.03,7.92,-1.39,3.55,3.70,-0.39,-1.94,-2.14,2.91
aligned_traning_1,39,0,-1.80,-0.21,-3.32,3.46,-5.86,-5.59,7.65,-1.44,4.48,0.30,0.57,1.47,1.48,6.60,-3.05,6.43
aligned_traning_1,40,0,-7.79,-5.75,-4.76,9.23,-0.67,9.53,1.33,3.34,1.96,0.40,-1.89,1.27,-2.81,-3.58,2.02,2.16
aligned_traning_1,41,0,0.92,0.59,-0.55,4.69,-17.61,-3.37,10.82,0.43,1.71,-1.07,-5.81,2.32,-2.60,0.19,nan,1.81
aligned_traning_1,42,0,-3.87,3.24,8.84,-1.39,0.00,4.17,-5.59,6.77,-1.90,-5.12,-0.28,2.68,-4.29,-2.89,5.71,6.52
aligned_traning_1,43,0,8.13,nan,2.39,4.57,-13.57,4.34,2.78,-0.51,7.24,-0.27,-1.03,27.53,-1.47,-1.92,-3.33,-2.52
aligned_traning_1,44,0,1.76,4.28,1.80,4.54,1.74,0.00,-2.85,3.55,5.85,0.99,-0.98,-1.70,-2.51,3.87,2.04,5.82
aligned_traning_1,45,0,2.82,-0.31,-6.19,2.44,6.62,13.83,8.79,3.81,-1.30,2.47,-1.72,4.51,3.01,2.33,4.97,2.88
no-cursor_baseline_1,1,0,-3.28,-16.19,-12.40,-2.29,-0.62,4.93,7.97,-0.81,1.29,0.00,12.31,2.63,-6.20,9.56,-1.57,4.75
no-cursor_baseline_1,2,0,4.53,3.34,-4.81,5.58,8.62,-6.12,-6.53,6.02,2.62,2.65,-1.59,1.08,-6.23,18.71,-3.76,1.87
no-cursor_baseline_1,3,0,6.75,2.27,2.35,1.38,0.98,-1.23,5.48,3.73,1.92,-0.56,-3.07,-4.02,6.41,-2.29,4.51,-3.52
no-cursor_baseline_1,4,0,5.75,-2.06,7.84,7.48,-0.50,5.54,7.13,-2.71,3.58,0.28,0.53,10.59,1.68,10.18,2.13,-2.47
no-cursor_baseline_1,5,0,4.19,-4.70,14.24,-2.41,-0.97,-4.30,5.09,2.99,-2.44,-0.21,5.19,-0.19,2.14,-0.73,6.97,-4.71
no-cursor_baseline_1,6,0,6.01,2.42,15.23,2.97,4.33,-1.74,1.87,3.64,-3.53,4.59,-0.19,5.71,5.12,14.44,4.29,8.43
no-cursor_baseline_1,7,0,4.43,-0.19,14.59,12.25,4.50,-5.34,3.01,-3.18,-2.40,6.84,8.51,1.40,14.88,6.40,2.73,8.24
no-cursor_baseline_1,8,0,9.85,5.94,17.04,-1.87,3.54,-5.23,-1.71,-4.73,5.19,1.24,-2.69,9.09,-10.88,12.97,1.42,-0.91
no-cursor_baseline_1,9,0,7.38,4.24,20.85,6.37,3.56,1.84,5.47,0.56,-1.66,-2.91,-2.71,-0.36,-1.31,18.30,5.50,6.66
aligned_training_2,1,0,-6.34,1.83,3.89,2.90,-11.56,-4.24,-1.03,4.73,11.26,10.32,11.81,0.29,0.47,10.05,5.23,-0.30
aligned_training_2,2,0,3.04,2.99,5.46,5.53,1.19,-1.13,-1.47,7.16,-0.19,2.40,8.67,-9.90,0.16,2.41,0.59,-4.43
aligned_training_2,3,0,1.80,-1.13,0.20,-3.61,-4.01,2.76,10.36,0.59,-0.58,-2.10,-1.99,8.02,2.24,2.69,5.87,-0.41
aligned_training_2,4,0,1.35,0.21,-2.40,-3.81,-2.97,6.07,3.92,3.21,7.57,-3.21,-2.86,2.90,4.67,-1.67,-3.64,3.27
aligned_training_2,5,0,-3.09,-2.09,1.97,7.25,2.17,1.93,0.60,2.41,2.31,-0.73,3.98,15.12,0.73,3.25,4.38,0.86
aligned_training_2,6,0,1.55,7.88,8.25,2.51,7.58,-2.00,0.64,8.38,2.44,-0.59,-8.25,0.20,8.58,1.49,-2.56,6.25
aligned_training_2,7,0,1.34,-2.60,-0.27,4.37,2.02,9.59,4.36,-1.56,-0.58,0.00,-0.80,4.94,-1.74,-1.06,1.02,2.49
aligned_training_2,8,0,2.36,2.06,-1.86,0.86,21.50,7.57,1.71,0.56,7.22,-2.38,3.07,-2.04,-10.06,0.00,9.77,4.40
aligned_training_2,9,0,3.38,2.49,13.50,1.89,-3.56,-3.73,10.39,3.39,0.40,1.63,-5.09,4.59,1.94,13.50,4.79,2.53
aligned_training_2,10,0,-0.42,-0.72,4.97,4.64,-0.22,2.75,6.55,12.87,-4.35,-4.32,-8.05,8.48,-1.06,-2.18,-0.77,2.64
aligned_training_2,11,0,-0.19,-0.26,2.59,-1.21,8.25,1.23,-2.97,11.17,-1.06,6.11,3.10,8.38,-2.66,-1.14,0.83,5.88
aligned_training_2,12,0,3.38,-2.27,1.44,3.76,0.00,1.71,-4.72,1.25,2.02,1.13,-11.73,-5.11,0.95,11.45,5.19,10.97
aligned_training_2,13,0,1.02,-3.81,-2.40,6.57,9.57,-0.85,-1.15,-5.45,5.87,-3.39,0.55,10.44,5.48,2.99,4.53,4.86
aligned_training_2,14,0,-9.40,4.83,-1.31,-0.80,-4.46,1.44,8.19,1.07,-3.85,0.55,-4.76,-2.35,4.98,-1.87,1.68,5.93
aligned_training_2,15,0,3.29,12.11,3.39,6.66,-0.51,2.34,-2.94,0.56,3.03,-2.83,8.66,11.92,nan,2.31,3.45,-2.41
aligned_training_2,16,0,2.91,-0.55,1.19,12.57,nan,6.60,5.80,-1.19,6.59,4.43,3.35,6.62,-7.88,7.13,-2.30,2.56
aligned_training_2,17,0,-11.31,10.92,6.73,-6.87,-0.89,1.83,11.06,0.96,-1.18,-4.56,-1.45,1.04,-4.03,6.38,6.77,3.47
aligned_training_2,18,0,5.27,-18.06,-5.50,0.80,6.30,1.95,2.15,5.73,4.73,-4.51,nan,-1.47,1.38,2.88,11.88,8.60
aligned_training_2,19,0,-0.19,-0.21,-3.16,0.54,-1.25,2.26,1.92,-0.40,9.20,-3.33,0.58,8.47,-3.19,5.46,-0.60,3.74
aligned_training_2,20,0,-3.49,0.55,-2.08,8.01,8.75,3.29,0.19,0.91,1.61,-2.03,-10.74,9.50,3.72,6.15,1.96,1.80
aligned_training_2,21,0,6.88,20.65,4.52,-6.38,-1.70,6.73,0.00,6.64,4.04,4.59,-3.64,0.63,-0.55,0.42,2.95,3.87
no-cursor_baseline_2,1,0,2.09,-1.28,10.08,4.70,-1.69,4.27,-6.55,-3.01,1.04,4.53,-4.72,12.05,-2.34,8.42,7.41,9.72
no-cursor_baseline_2,2,0,10.64,-6.43,6.94,5.52,-4.89,2.99,10.59,-5.77,2.83,1.73,-3.76,4.94,0.00,10.86,4.28,2.23
no-cursor_baseline_2,3,0,3.54,7.19,8.91,2.56,0.59,-2.63,5.58,-1.19,-0.84,-1.60,1.09,3.33,-1.58,19.39,4.24,1.65
no-cursor_baseline_2,4,0,3.93,-5.12,11.65,13.83,4.79,-8.99,-3.37,0.00,4.30,-1.78,14.53,8.95,-0.50,9.99,3.29,3.98
no-cursor_baseline_2,5,0,0.75,0.27,9.27,3.40,7.66,-9.08,9.37,-0.58,11.68,1.78,-5.50,16.73,-2.68,-2.69,3.23,4.93
no-cursor_baseline_2,6,0,5.40,2.00,10.85,0.87,2.44,-2.60,-4.65,4.54,0.60,-0.19,-9.09,-3.79,13.62,17.78,5.23,-0.20
no-cursor_baseline_2,7,0,7.82,0.90,16.00,4.80,-0.53,-3.59,3.80,-3.03,2.11,0.86,-4.96,5.82,1.21,11.65,4.24,9.78
no-cursor_baseline_2,8,0,-2.57,3.20,0.26,9.32,2.02,-3.04,1.92,-1.64,3.81,5.12,-2.31,11.20,-0.79,5.53,3.12,5.87
no-cursor_baseline_2,9,0,9.68,-1.76,20.36,8.64,2.99,3.62,0.64,-1.02,3.56,-4.09,8.59,3.22,-0.50,-4.76,-0.94,-1.11
rotated_training_15,1,-15,-9.56,0.77,10.92,8.37,3.54,4.10,1.37,4.44,3.14,nan,3.30,0.64,-5.07,6.57,nan,-4.51
rotated_training_15,2,-15,1.43,-3.76,11.59,4.90,7.03,3.29,7.09,6.61,-1.00,7.90,4.03,3.25,3.17,2.36,13.24,8.08
rotated_training_15,3,-15,5.63,6.50,4.21,5.27,3.95,7.08,9.23,5.95,9.27,9.46,1.22,2.03,-2.01,0.30,11.87,6.65
rotated_training_15,4,-15,13.11,13.04,8.76,9.84,11.47,14.24,5.44,8.95,27.90,5.01,6.59,16.59,0.56,13.89,13.30,4.71
rotated_training_15,5,-15,12.04,13.24,11.37,10.95,6.39,4.49,1.42,8.52,41.84,10.28,7.80,7.31,16.29,10.82,8.29,4.14
rotated_training_15,6,-15,2.49,0.60,18.56,1.47,19.04,11.71,11.46,14.92,-36.21,13.30,9.62,10.46,16.70,9.52,14.17,13.85
rotated_training_15,7,-15,10.92,11.39,13.93,10.09,20.48,11.03,16.66,11.15,-15.33,14.84,9.49,3.22,3.24,10.01,6.23,13.02
rotated_training_15,8,-15,10.20,3.84,11.93,7.95,17.34,9.46,15.12,5.65,40.33,11.31,17.68,10.58,11.62,12.68,5.50,7.13
rotated_training_15,9,-15,14.04,14.68,15.90,15.76,6.84,9.74,11.08,9.33,-17.48,11.54,22.08,6.15,17.15,17.41,13.57,6.81
rotated_training_15,10,-15,6.98,15.91,12.82,21.70,20.56,16.18,10.17,14.76,-14.77,6.12,11.09,11.42,23.48,12.95,12.20,9.70
rotated_training_15,11,-15,13.43,7.28,11.98,1.85,16.05,9.82,4.68,12.49,30.32,13.09,8.51,10.03,5.44,17.93,5.22,7.77
rotated_training_15,12,-15,8.91,13.99,13.99,16.81,16.60,13.14,6.43,9.74,-17.52,14.26,21.35,6.38,12.32,6.12,14.69,8.49
rotated_training_15,13,-15,8.91,13.67,17.32,14.25,15.29,9.20,9.14,15.73,-11.23,9.27,nan,11.45,25.12,7.82,3.64,9.53
rotated_training_15,14,-15,3.28,10.46,11.15,14.09,16.44,11.74,7.28,10.17,28.55,11.54,6.14,15.79,24.60,17.69,10.90,10.62
rotated_training_15,15,-15,2.82,4.80,19.81,22.15,20.73,18.69,11.63,18.03,4.60,12.82,11.63,-22.65,7.82,16.78,8.36,10.43
rotated_training_15,16,-15,1.25,12.82,15.63,18.62,18.04,15.33,10.42,9.49,31.34,14.18,13.51,2.94,11.23,13.97,5.60,5.53
rotated_training_15,17,-15,7.96,10.29,14.40,9.81,23.01,7.50,15.31,6.14,-9.12,15.19,-4.30,10.41,-6.42,17.24,16.23,16.83
rotated_training_15,18,-15,14.04,nan,8.93,13.15,21.24,16.95,16.59,12.55,40.24,15.71,9.11,18.81,10.68,11.16,9.25,6.99
rotated_training_15,19,-15,10.90,15.63,7.40,8.40,17.90,15.03,10.55,11.31,-6.94,11.31,5.01,14.49,26.18,4.60,13.24,8.07
rotated_training_15,20,-15,nan,14.68,12.56,13.57,20.08,10.51,9.81,13.12,34.62,21.49,8.34,12.50,14.94,16.28,13.40,4.84
rotated_training_15,21,-15,16.28,11.70,12.66,11.84,18.83,25.22,7.77,6.00,26.84,14.14,7.91,5.02,9.69,13.02,10.15,11.31
rotated_training_15,22,-15,13.22,15.40,12.37,18.96,22.06,22.71,7.10,7.73,-11.16,12.26,12.65,8.52,4.28,17.75,12.53,6.75
rotated_training_15,23,-15,-2.26,10.91,6.51,13.06,21.30,17.66,10.55,14.94,38.16,14.04,13.71,9.08,11.48,14.72,14.91,12.93
rotated_training_15,24,-15,9.51,17.59,14.65,16.21,19.23,11.06,17.32,11.45,12.50,20.02,11.56,10.82,13.06,19.24,10.83,10.67
rotated_training_15,25,-15,9.08,13.72,17.03,11.89,18.81,4.40,7.30,5.68,35.68,13.66,14.68,-21.04,12.56,8.94,10.76,14.56
rotated_training_15,26,-15,11.42,12.88,15.49,14.77,19.86,15.44,14.84,21.07,-4.90,21.21,13.36,14.24,16.58,11.61,13.68,24.51
rotated_training_15,27,-15,10.86,10.41,11.82,11.73,13.99,15.11,17.67,7.97,19.90,12.87,10.01,16.96,14.17,19.60,8.33,13.64
rotated_training_15,28,-15,13.38,16.62,6.19,16.63,19.13,9.22,7.84,11.99,20.75,13.47,12.12,6.08,15.32,19.17,10.80,13.15
rotated_training_15,29,-15,9.96,20.70,20.98,11.73,23.20,20.02,13.83,4.27,8.19,15.89,12.30,10.97,13.59,14.60,13.99,17.27
rotated_training_15,30,-15,3.14,8.60,16.64,20.06,14.97,17.30,17.09,10.38,5.44,16.26,11.89,14.45,14.97,18.56,11.23,16.89
rotated_training_15,31,-15,13.67,14.18,8.62,14.04,20.98,16.95,3.76,4.42,12.28,17.77,14.86,23.25,9.13,15.11,13.25,5.76
rotated_training_15,32,-15,14.18,13.34,10.12,16.79,19.88,16.32,6.72,6.25,11.63,15.04,12.80,7.43,19.64,13.06,8.40,12.81
rotated_training_15,33,-15,10.48,12.65,16.94,16.22,19.30,12.14,9.46,18.32,9.17,14.11,8.18,13.34,14.61,18.34,12.11,9.43
rotated_training_15,34,-15,12.88,18.82,10.71,15.87,11.92,11.39,20.86,9.23,9.90,nan,12.37,15.12,12.72,9.98,6.93,8.22
rotated_training_15,35,-15,19.78,10.04,18.04,11.84,16.29,14.46,8.13,13.62,10.63,13.35,10.93,16.14,16.61,11.78,6.91,13.87
rotated_training_15,36,-15,7.08,19.45,9.46,14.47,26.57,18.43,11.26,19.44,19.10,8.62,12.79,20.04,8.49,15.70,7.83,8.73
rotated_training_15,37,-15,9.46,7.77,13.53,20.67,22.22,13.43,17.28,nan,19.68,13.88,7.80,-2.52,11.52,15.84,12.80,-1.31
rotated_training_15,38,-15,11.93,12.91,8.77,12.62,19.64,16.56,11.46,17.61,9.11,16.66,12.68,10.49,16.44,17.57,9.22,10.62
rotated_training_15,39,-15,9.67,9.64,13.11,10.64,18.43,22.71,17.28,15.82,9.67,13.07,14.13,16.74,10.67,17.45,18.17,7.38
rotated_training_15,40,-15,5.92,17.12,18.31,24.94,20.70,10.98,14.40,16.29,13.53,12.65,12.70,14.66,22.70,19.73,14.37,13.75
rotated_training_15,41,-15,19.39,16.48,15.11,13.98,26.57,19.65,14.39,18.15,24.92,12.53,10.32,6.53,12.07,10.38,7.90,15.57
rotated_training_15,42,-15,13.61,7.77,12.41,9.86,20.48,12.62,11.39,12.30,14.55,19.35,12.08,5.57,17.57,12.02,13.39,11.46
rotated_training_15,43,-15,10.10,13.37,23.65,19.21,23.72,15.07,15.89,20.72,13.09,17.14,12.89,nan,11.71,20.14,15.12,17.49
rotated_training_15,44,-15,7.54,16.53,13.27,nan,17.07,18.34,nan,16.65,12.12,13.35,28.89,10.18,13.27,15.72,7.36,15.71
rotated_training_15,45,-15,9.02,13.74,12.37,10.95,10.96,15.56,8.00,nan,12.50,12.41,12.25,12.08,13.51,12.43,8.70,18.62
no-cursor_15_exclude,1,-15,15.29,2.55,19.18,16.16,9.77,10.12,13.14,3.09,6.60,2.76,6.62,9.69,0.95,14.17,5.97,7.67
no-cursor_15_exclude,2,-15,7.39,4.92,20.19,13.58,4.58,1.51,5.83,9.56,2.65,1.53,1.06,13.17,5.52,9.72,15.71,7.13
no-cursor_15_exclude,3,-15,13.19,5.55,19.10,18.57,11.23,1.79,9.23,9.36,16.39,14.19,6.25,10.01,6.43,12.70,9.26,11.70
no-cursor_15_exclude,4,-15,5.73,10.10,30.72,12.91,16.75,10.20,20.86,3.41,5.23,14.64,10.93,7.63,-4.91,16.85,11.05,6.60
no-cursor_15_exclude,5,-15,7.50,7.03,26.38,11.00,11.48,-0.61,13.76,6.25,16.84,14.22,12.76,6.42,17.03,21.97,12.37,8.71
no-cursor_15_exclude,6,-15,7.38,-6.89,32.97,14.95,15.77,2.56,6.48,11.73,19.06,3.35,14.34,9.78,-6.70,8.01,4.56,11.02
no-cursor_15_exclude,7,-15,7.16,9.96,33.39,19.33,10.90,1.60,8.02,9.85,10.52,9.05,4.37,9.30,2.71,8.08,10.85,7.10
no-cursor_15_exclude,8,-15,7.13,12.37,37.90,3.29,12.67,15.69,9.24,2.33,14.84,8.97,10.88,13.56,-6.61,21.09,8.60,5.31
no-cursor_15_exclude,9,-15,3.56,8.87,28.73,12.51,5.13,7.52,16.12,6.67,9.01,12.64,10.41,12.39,25.15,1.83,16.86,3.60
no-cursors_15_include,1,-15,6.65,-3.79,24.99,8.43,24.79,8.82,8.63,1.86,17.68,-1.38,1.07,19.63,18.15,7.16,10.12,8.08
no-cursors_15_include,2,-15,16.39,18.11,4.30,7.91,28.35,-2.56,10.72,-2.94,8.60,13.85,2.80,7.02,-4.20,-2.99,6.92,10.58
no-cursors_15_include,3,-15,11.08,7.59,16.95,15.33,27.84,-0.86,17.01,-2.78,1.95,6.43,7.35,9.17,21.12,15.58,3.06,3.93
no-cursors_15_include,4,-15,12.08,10.81,6.13,13.45,12.53,6.99,9.73,2.50,6.34,5.49,5.19,11.36,25.50,8.41,0.77,2.77
no-cursors_15_include,5,-15,1.41,15.97,6.50,8.13,24.32,3.90,9.46,-4.37,18.92,9.23,13.21,20.60,12.47,8.77,8.56,6.62
no-cursors_15_include,6,-15,9.17,12.59,7.52,3.12,34.40,6.37,9.96,8.39,9.90,16.89,12.85,7.73,13.90,9.84,51.65,8.60
no-cursors_15_include,7,-15,14.97,12.19,3.79,14.04,24.08,10.84,13.21,-2.48,2.36,13.17,7.56,4.86,23.96,15.56,1.51,2.26
no-cursors_15_include,8,-15,14.68,7.54,13.09,12.23,24.05,10.46,10.88,-0.81,2.34,11.72,10.15,13.55,17.03,12.37,-2.44,0.84
no-cursors_15_include,9,-15,4.24,6.18,5.60,15.42,14.79,4.62,10.43,5.04,7.65,11.77,6.30,10.04,-0.43,4.37,3.81,3.53
rotated_training_15_2,1,-15,3.42,1.61,3.70,16.25,7.54,10.91,3.32,6.47,2.26,nan,6.94,11.53,4.16,12.72,3.81,5.52
rotated_training_15_2,2,-15,11.07,9.56,5.40,12.83,9.87,10.43,16.42,5.10,10.02,11.43,-0.63,14.60,3.99,23.30,8.19,6.38
rotated_training_15_2,3,-15,14.18,12.87,15.53,11.08,11.31,10.13,19.10,5.22,18.18,19.86,10.38,-0.98,6.51,5.19,11.93,12.11
rotated_training_15_2,4,-15,5.65,18.17,10.15,10.17,12.64,15.95,21.07,6.31,11.54,19.08,8.79,9.38,15.18,18.89,12.42,10.66
rotated_training_15_2,5,-15,13.97,5.27,7.71,12.53,17.93,17.23,8.53,14.39,15.66,11.54,10.18,13.01,6.93,20.68,16.00,5.42
rotated_training_15_2,6,-15,12.97,18.43,17.70,10.16,14.97,9.53,11.64,15.48,8.07,12.24,9.26,14.17,11.31,10.80,20.51,7.58
rotated_training_15_2,7,-15,8.07,22.10,27.22,22.89,nan,16.84,12.44,8.38,8.72,13.02,12.92,17.48,19.50,21.99,8.25,6.81
rotated_training_15_2,8,-15,2.58,nan,10.55,23.25,11.31,10.13,19.22,15.66,12.99,9.78,5.50,-1.95,9.74,12.88,10.39,11.31
rotated_training_15_2,9,-15,12.15,13.31,12.97,3.72,12.25,11.14,11.23,16.30,5.30,17.53,nan,12.23,18.43,11.23,15.98,13.74
rotated_training_15_2,10,-15,17.09,4.91,9.65,15.07,8.29,16.76,20.13,8.52,12.62,18.05,13.02,11.24,10.01,13.93,14.68,1.80
rotated_training_15_2,11,-15,6.73,14.35,13.22,19.09,16.56,18.15,12.55,17.24,10.79,19.65,8.72,10.34,26.93,18.43,13.50,11.20
rotated_training_15_2,12,-15,12.56,13.15,15.33,20.36,15.72,17.75,16.50,13.64,2.11,10.17,14.04,22.12,5.73,7.83,6.48,11.24
rotated_training_15_2,13,-15,10.09,26.83,11.31,16.12,16.16,10.97,9.73,3.95,11.39,12.23,12.47,11.23,6.38,14.58,14.19,8.13
rotated_training_15_2,14,-15,9.63,1.23,7.06,10.01,17.44,19.09,18.18,4.07,4.00,11.23,14.74,7.82,17.61,9.92,18.78,13.44
rotated_training_15_2,15,-15,9.15,11.53,23.98,16.36,19.61,14.50,19.38,15.51,16.15,14.63,13.43,14.17,10.45,16.34,13.74,12.08
rotated_training_15_2,16,-15,15.97,17.53,14.33,9.33,18.90,11.67,12.62,nan,15.59,14.19,13.11,9.22,6.63,18.69,14.32,13.34
rotated_training_15_2,17,-15,13.78,17.83,7.87,16.12,19.36,18.30,16.65,22.43,13.47,13.63,12.12,12.95,12.07,13.57,6.78,8.41
rotated_training_15_2,18,-15,4.93,9.23,16.25,11.64,12.14,19.21,14.70,11.42,7.78,17.35,9.40,16.59,12.89,11.71,16.20,12.18
rotated_training_15_2,19,-15,16.50,17.00,10.75,10.14,14.94,15.98,11.31,9.75,10.18,12.69,4.42,15.45,12.14,14.08,16.23,19.39
rotated_training_15_2,20,-15,15.09,10.73,17.43,1.46,14.33,16.41,13.02,16.95,13.46,21.22,7.07,14.36,6.89,15.13,15.58,15.42
rotated_training_15_2,21,-15,2.07,13.94,4.58,15.57,8.39,16.49,26.84,13.61,12.41,16.00,6.25,13.97,21.04,18.94,15.26,10.09
no-cursor_15_include_2,1,-15,9.94,4.90,9.78,8.25,19.64,5.69,8.77,-0.57,-0.57,14.22,5.19,5.12,13.57,13.90,16.85,14.87
no-cursor_15_include_2,2,-15,5.65,13.10,18.07,11.23,17.03,5.46,19.98,-2.14,26.10,9.73,7.55,9.41,24.12,42.74,13.69,10.23
no-cursor_15_include_2,3,-15,3.90,6.53,23.20,18.81,30.33,10.71,15.79,10.32,8.91,7.37,5.65,5.45,24.21,23.88,10.13,10.55
no-cursor_15_include_2,4,-15,6.11,10.62,4.76,20.80,23.51,9.66,12.99,26.47,-0.62,5.57,11.24,11.76,13.34,12.18,17.74,14.08
no-cursor_15_include_2,5,-15,6.80,20.59,11.52,5.59,24.48,9.96,6.98,-12.83,14.77,9.24,-1.11,16.64,12.42,8.41,8.41,9.98
no-cursor_15_include_2,6,-15,9.26,6.48,8.02,12.44,23.25,9.32,6.91,-17.15,30.83,16.22,-1.40,9.97,10.64,6.99,9.22,13.61
no-cursor_15_include_2,7,-15,10.42,13.78,-12.77,21.61,30.00,9.57,5.30,-12.33,10.20,6.12,13.70,6.62,11.16,19.05,6.12,8.52
no-cursor_15_include_2,8,-15,11.31,14.04,11.83,15.09,32.32,16.23,12.45,15.16,21.64,10.30,17.07,12.86,24.03,14.37,12.33,7.73
no-cursor_15_include_2,9,-15,3.71,8.86,14.50,7.15,23.08,13.11,10.95,-4.31,5.69,4.56,7.52,9.66,4.05,20.56,9.32,6.95
no-cursor_15_exclude_2,1,-15,15.33,14.85,21.72,8.19,4.09,10.95,2.60,5.83,-0.19,16.46,13.74,8.58,23.20,20.27,0.50,11.81
no-cursor_15_exclude_2,2,-15,7.84,6.61,22.80,10.45,8.70,5.01,12.53,8.54,12.62,5.66,5.26,13.04,-4.72,21.67,7.77,4.64
no-cursor_15_exclude_2,3,-15,6.59,9.55,25.97,14.33,15.78,0.00,21.01,1.64,29.35,5.27,4.17,12.84,-3.49,22.18,15.15,4.03
no-cursor_15_exclude_2,4,-15,6.44,14.63,15.48,16.26,16.70,12.30,22.92,12.18,-306.87,11.84,5.43,18.82,1.77,15.39,5.19,3.41
no-cursor_15_exclude_2,5,-15,15.02,-5.12,9.42,6.34,16.06,7.28,12.61,2.11,-2.10,13.67,12.75,16.80,-1.57,12.53,9.50,-0.21
no-cursor_15_exclude_2,6,-15,8.70,5.59,16.78,13.16,9.63,12.32,0.40,11.73,16.75,8.13,-9.03,9.17,26.57,20.73,11.31,6.46
no-cursor_15_exclude_2,7,-15,7.66,20.41,27.23,14.04,10.18,8.01,10.13,3.69,9.75,-1.58,-8.35,0.77,19.43,-1.74,9.42,4.58
no-cursor_15_exclude_2,8,-15,6.82,11.98,28.09,17.14,15.57,12.46,12.30,2.95,31.91,7.59,21.44,10.64,2.08,11.64,5.00,6.05
no-cursor_15_exclude_2,9,-15,13.02,4.75,13.88,16.24,13.34,22.04,14.09,2.92,7.90,7.35,2.52,9.03,2.37,19.13,9.46,8.01
rotated_training_30,1,-30,24.47,13.99,13.90,20.03,11.02,19.88,6.99,9.38,2.34,9.11,9.92,2.03,13.46,15.35,15.45,7.83
rotated_training_30,2,-30,4.83,13.45,11.48,16.72,16.02,21.72,4.86,5.17,20.72,14.14,13.78,19.44,5.83,15.79,12.72,8.76
rotated_training_30,3,-30,16.89,29.67,20.93,15.37,26.30,23.81,12.59,17.39,7.09,32.66,16.00,17.28,22.50,21.84,14.47,7.19
rotated_training_30,4,-30,17.50,29.02,18.19,18.17,22.73,22.92,17.19,17.57,6.92,12.79,13.06,12.45,16.48,28.19,17.71,12.99
rotated_training_30,5,-30,19.06,22.86,21.02,22.53,35.76,25.71,25.70,13.09,14.83,21.25,15.45,22.46,21.33,17.57,12.80,13.43
rotated_training_30,6,-30,10.82,23.20,30.96,31.46,25.20,25.51,7.05,15.83,18.07,30.83,17.24,34.82,28.65,18.72,2.31,13.97
rotated_training_30,7,-30,20.98,20.02,19.09,33.17,30.47,28.07,19.69,19.67,32.57,31.83,26.22,-2.01,23.00,22.62,11.56,22.29
rotated_training_30,8,-30,22.95,19.44,33.69,29.08,39.46,26.30,25.44,18.84,11.83,18.43,28.50,33.84,20.96,28.30,25.83,17.75
rotated_training_30,9,-30,23.20,25.29,13.77,nan,32.44,31.48,23.46,17.23,22.92,17.03,19.45,24.78,17.58,13.26,15.87,16.00
rotated_training_30,10,-30,18.79,23.35,20.80,27.30,45.00,31.73,19.29,31.84,21.37,19.22,18.87,21.99,18.53,35.44,18.43,13.48
rotated_training_30,11,-30,22.73,20.58,31.49,19.93,29.97,26.32,12.99,16.23,10.21,36.50,26.27,27.80,20.91,19.60,16.24,17.54
rotated_training_30,12,-30,12.38,27.66,22.96,24.84,35.68,32.80,25.72,24.72,16.39,29.03,20.51,25.75,19.93,22.58,12.59,27.88
rotated_training_30,13,-30,17.35,34.35,28.07,25.27,35.35,26.76,29.82,24.44,22.86,nan,25.29,12.04,17.06,24.48,14.60,19.26
rotated_training_30,14,-30,23.90,28.76,17.63,29.21,30.76,24.03,18.57,30.83,17.09,32.13,25.29,29.74,36.63,24.54,23.04,14.11
rotated_training_30,15,-30,23.31,21.01,29.79,36.50,33.08,27.21,17.22,19.29,27.11,44.09,24.18,30.09,17.82,26.38,14.39,24.75
rotated_training_30,16,-30,21.50,18.05,30.40,28.16,39.77,35.10,33.20,23.73,30.77,19.20,24.30,33.11,28.06,19.35,22.73,25.43
rotated_training_30,17,-30,14.04,28.24,39.68,31.07,42.59,28.18,17.93,18.25,13.82,27.25,15.82,14.08,19.01,19.58,29.10,18.95
rotated_training_30,18,-30,23.42,38.63,19.53,36.11,34.36,31.18,23.42,25.42,14.17,41.57,22.05,20.14,18.25,26.30,19.55,30.43
rotated_training_30,19,-30,20.16,33.45,18.72,24.87,31.18,28.10,34.70,19.73,14.64,23.77,23.68,28.51,16.34,25.64,9.26,26.69
rotated_training_30,20,-30,22.83,28.93,31.45,32.47,25.72,28.16,22.08,19.19,18.94,29.93,18.26,14.23,25.40,29.02,17.66,27.34
rotated_training_30,21,-30,28.27,27.63,14.65,27.09,23.12,37.58,25.26,20.83,22.51,27.48,20.46,27.92,19.38,24.48,21.95,20.60
rotated_training_30,22,-30,18.82,30.23,22.94,33.53,nan,30.09,36.10,20.51,11.31,26.16,-0.30,30.24,24.44,31.04,15.87,31.04
rotated_training_30,23,-30,27.45,30.49,17.51,26.18,42.56,28.58,27.06,20.85,33.45,19.93,25.78,29.10,28.50,25.80,20.70,26.21
rotated_training_30,24,-30,25.91,24.11,38.34,25.95,32.96,29.14,13.51,20.98,23.24,33.91,23.84,26.38,25.40,27.77,17.25,27.81
rotated_training_30,25,-30,27.88,40.93,25.81,31.25,31.59,26.38,29.51,27.34,18.82,25.95,25.14,30.60,31.06,30.15,24.53,24.48
rotated_training_30,26,-30,18.30,28.32,20.47,36.23,37.26,33.51,33.63,15.86,23.65,25.99,31.07,21.80,30.75,19.30,18.95,18.18
rotated_training_30,27,-30,13.30,25.61,23.75,27.20,37.58,28.80,19.67,24.75,14.04,35.04,33.01,29.87,25.80,25.42,28.73,22.75
rotated_training_30,28,-30,27.94,33.69,25.15,31.39,34.65,31.85,31.17,28.15,25.29,19.45,24.24,33.63,24.92,20.88,25.19,26.47
rotated_training_30,29,-30,12.04,39.20,28.86,16.15,31.17,27.79,28.54,20.10,21.69,38.33,28.81,15.75,25.51,nan,22.24,25.41
rotated_training_30,30,-30,22.89,27.17,23.88,21.60,38.36,32.74,26.75,10.58,22.12,28.92,32.14,38.99,25.58,9.33,22.83,24.17
rotated_training_30,31,-30,27.22,29.40,27.59,23.09,32.26,26.19,30.96,32.74,17.17,20.59,33.99,28.33,29.34,25.33,29.05,29.40
rotated_training_30,32,-30,19.96,29.14,26.09,28.17,34.96,27.30,23.47,16.95,22.14,37.14,18.17,34.06,18.09,30.09,22.70,23.82
rotated_training_30,33,-30,3.32,30.74,23.84,19.65,31.85,27.88,25.95,22.38,21.84,12.42,19.89,22.92,26.00,23.16,33.93,22.46
rotated_training_30,34,-30,21.60,27.08,29.98,28.19,38.53,30.23,25.91,28.93,28.59,31.03,26.17,31.74,35.73,26.48,27.84,27.07
rotated_training_30,35,-30,11.15,37.59,26.11,25.60,22.53,29.54,26.74,18.09,21.19,24.78,15.12,26.75,22.67,47.79,16.22,21.29
rotated_training_30,36,-30,28.17,28.74,18.78,29.30,31.89,26.70,28.24,24.44,13.93,20.34,45.30,25.92,22.31,31.61,20.03,29.95
rotated_training_30,37,-30,31.39,28.46,23.20,30.55,33.46,24.98,31.57,22.42,24.69,20.14,26.24,nan,21.64,25.30,21.17,21.64
rotated_training_30,38,-30,22.92,26.57,32.21,24.72,22.20,22.65,32.12,26.48,19.54,40.56,33.93,26.20,36.09,30.81,20.41,28.32
rotated_training_30,39,-30,24.91,33.35,18.77,33.69,26.92,30.47,23.96,23.09,16.35,25.23,36.57,29.78,27.60,30.76,27.77,26.13
rotated_training_30,40,-30,20.42,33.46,26.91,29.35,31.69,30.47,26.47,26.57,17.61,20.27,26.84,34.15,29.17,26.75,31.54,29.63
rotated_training_30,41,-30,24.71,28.83,20.62,28.34,40.03,21.91,25.38,27.61,14.53,26.95,33.27,31.62,29.19,29.93,26.82,28.35
rotated_training_30,42,-30,27.96,38.61,28.19,30.38,41.70,22.92,32.17,29.02,24.96,36.87,33.84,26.57,24.64,20.84,25.14,21.95
rotated_training_30,43,-30,26.14,26.39,19.81,29.49,27.10,21.34,32.80,29.38,28.98,24.97,37.67,27.84,23.91,28.53,27.41,24.85
rotated_training_30,44,-30,23.94,25.61,21.21,34.52,31.92,30.32,30.68,23.62,14.62,33.01,33.27,21.58,21.08,23.34,26.13,29.45
rotated_training_30,45,-30,25.77,30.24,24.62,33.96,25.28,26.69,27.39,26.92,18.43,31.26,47.18,28.39,30.96,28.41,25.28,15.18
no-cursor_30_include,1,-30,14.26,29.54,9.43,30.30,18.94,11.23,31.10,-3.89,-1.31,17.76,25.42,20.07,13.48,32.32,14.09,24.91
no-cursor_30_include,2,-30,11.86,20.88,26.70,25.33,38.82,13.74,20.24,5.67,9.76,25.72,24.87,17.37,25.89,16.52,22.24,14.85
no-cursor_30_include,3,-30,24.68,18.59,35.34,18.30,36.71,9.02,22.25,16.25,1.62,-3.73,-6.66,23.94,21.01,19.06,11.11,20.31
no-cursor_30_include,4,-30,23.25,29.84,31.04,32.74,35.27,29.02,24.97,-1.23,35.49,17.88,6.31,38.77,22.13,15.05,12.39,18.71
no-cursor_30_include,5,-30,15.28,22.26,14.96,27.59,38.69,13.78,19.63,4.32,-5.58,22.65,3.14,5.84,18.32,26.95,18.43,13.94
no-cursor_30_include,6,-30,15.80,20.92,40.63,21.27,45.81,16.32,19.39,22.73,14.66,-2.05,25.09,30.69,29.93,23.25,10.93,16.45
no-cursor_30_include,7,-30,21.37,18.43,19.07,18.43,42.52,13.96,18.56,0.81,52.78,21.65,13.43,15.91,20.12,24.58,39.26,18.73
no-cursor_30_include,8,-30,16.56,17.10,43.61,25.95,34.28,18.98,12.46,28.27,5.26,19.10,-3.96,22.80,13.38,12.36,16.03,8.01
no-cursor_30_include,9,-30,13.26,7.63,12.53,21.01,35.14,23.77,11.10,-4.27,28.89,-0.41,8.03,8.86,13.36,19.15,20.56,17.34
no-cursor_30_exclude,1,-30,10.41,18.09,14.37,28.68,19.19,16.34,14.10,8.95,-3.85,6.75,8.87,15.70,31.78,12.99,8.02,6.07
no-cursor_30_exclude,2,-30,17.62,10.30,31.36,12.20,30.89,21.37,11.45,10.19,7.38,10.50,20.46,13.83,3.62,26.69,15.71,21.96
no-cursor_30_exclude,3,-30,13.86,11.50,30.83,21.34,13.88,15.86,15.15,5.95,6.94,28.73,8.50,20.36,12.75,42.18,11.39,10.20
no-cursor_30_exclude,4,-30,7.98,23.81,23.09,26.16,25.87,19.20,20.42,2.74,4.93,12.44,6.46,22.54,18.43,14.14,9.56,8.76
no-cursor_30_exclude,5,-30,17.40,25.51,59.74,24.32,26.82,30.82,15.00,17.93,7.77,16.09,-2.85,13.90,-6.50,20.45,1.93,9.59
no-cursor_30_exclude,6,-30,10.66,16.47,36.41,16.53,21.25,24.27,5.37,14.66,28.79,11.56,16.66,14.04,5.12,24.86,15.67,11.31
no-cursor_30_exclude,7,-30,30.59,4.55,34.26,20.82,18.30,25.76,12.20,11.52,5.47,10.35,-1.07,19.73,-4.68,-1.90,6.16,15.32
no-cursor_30_exclude,8,-30,10.09,14.08,18.43,21.32,18.81,13.93,10.38,22.81,35.29,19.42,5.69,5.13,33.53,15.66,9.96,6.57
no-cursor_30_exclude,9,-30,5.30,18.78,37.92,14.84,27.58,27.68,12.88,7.67,0.00,13.62,9.51,18.25,1.99,30.09,16.76,11.09
rotated_training_30_2,1,-30,nan,7.13,27.70,27.18,26.06,nan,12.15,11.98,19.84,8.48,25.31,32.33,nan,9.14,20.24,14.74
rotated_training_30_2,2,-30,20.52,19.76,14.26,28.66,26.33,29.17,20.89,23.25,nan,29.85,12.67,28.34,29.79,-0.59,14.09,17.18
rotated_training_30_2,3,-30,29.91,17.65,23.25,29.93,33.69,27.61,31.73,20.73,23.16,24.73,20.89,23.51,21.14,27.30,18.30,15.41
rotated_training_30_2,4,-30,23.48,29.05,28.69,29.57,31.12,25.02,23.01,26.27,25.28,21.40,23.25,21.80,25.90,27.19,nan,19.76
rotated_training_30_2,5,-30,28.04,24.99,25.60,38.75,34.98,28.30,21.25,22.73,25.48,20.34,30.48,22.15,23.98,11.86,6.21,24.21
rotated_training_30_2,6,-30,27.75,31.44,23.37,29.91,nan,29.71,24.61,25.46,25.42,41.02,27.77,20.98,24.16,27.95,22.09,nan
rotated_training_30_2,7,-30,23.88,16.88,19.97,30.87,28.58,33.44,34.16,12.57,20.12,25.09,25.41,20.88,29.45,25.92,19.84,24.30
rotated_training_30_2,8,-30,32.36,20.74,21.52,28.21,35.38,26.57,29.00,25.45,23.14,28.41,36.09,34.92,24.75,25.88,23.88,22.55
rotated_training_30_2,9,-30,27.58,24.67,24.04,27.80,36.14,26.38,22.14,37.81,24.19,22.31,27.02,21.94,26.85,30.96,25.68,27.75
rotated_training_30_2,10,-30,29.10,35.47,25.03,31.62,28.44,26.47,26.82,30.96,27.88,20.76,21.45,23.03,23.46,25.28,26.30,23.99
rotated_training_30_2,11,-30,33.10,35.59,25.89,26.03,40.09,26.95,21.84,29.57,22.32,28.33,20.58,30.37,33.15,22.70,19.81,30.16
rotated_training_30_2,12,-30,25.45,32.28,17.50,33.69,22.95,32.04,23.59,29.03,15.26,29.14,35.54,22.36,22.05,-16.74,25.71,12.88
rotated_training_30_2,13,-30,35.43,21.85,25.10,35.47,32.58,34.43,26.03,30.96,20.51,26.02,32.62,24.68,17.27,32.91,17.28,8.30
rotated_training_30_2,14,-30,36.25,40.11,28.33,18.16,29.44,33.35,25.75,25.41,27.71,25.93,23.66,28.91,24.48,19.11,27.63,27.26
rotated_training_30_2,15,-30,20.15,19.08,29.42,28.21,34.91,24.97,29.34,21.69,28.06,26.38,15.97,nan,26.33,25.33,12.28,24.29
rotated_training_30_2,16,-30,27.39,28.72,26.95,36.45,29.61,30.24,22.10,23.44,11.08,23.68,31.48,28.64,28.30,29.96,24.81,24.53
rotated_training_30_2,17,-30,23.84,24.72,27.20,22.45,23.90,27.77,23.34,24.47,18.32,32.63,31.88,25.60,29.09,15.45,15.85,31.96
rotated_training_30_2,18,-30,27.63,11.15,27.28,24.38,18.79,26.75,37.59,30.41,24.11,22.51,41.91,28.91,22.73,1.51,22.51,21.07
rotated_training_30_2,19,-30,26.57,30.24,25.72,35.85,23.63,30.09,28.87,25.19,17.68,21.58,22.75,34.12,26.94,30.56,18.83,37.61
rotated_training_30_2,20,-30,29.46,22.53,26.57,31.74,23.84,29.23,23.79,27.83,20.42,39.26,32.63,29.26,26.25,16.09,19.14,26.68
rotated_training_30_2,21,-30,29.94,23.20,33.97,30.61,16.78,27.90,25.35,23.20,22.93,24.84,nan,19.42,22.98,20.56,8.69,30.04
no-cursor_30_exclude_2,1,-30,5.55,11.73,24.18,31.98,10.70,14.04,17.67,19.55,7.42,4.24,19.46,26.24,37.63,28.08,15.91,18.03
no-cursor_30_exclude_2,2,-30,22.20,22.44,18.19,25.66,26.57,17.61,19.05,9.28,12.26,6.80,29.02,18.71,-3.95,29.48,22.11,19.32
no-cursor_30_exclude_2,3,-30,22.25,22.26,23.72,31.53,24.05,19.49,24.41,17.23,19.36,26.57,16.43,21.98,4.06,18.43,20.76,24.38
no-cursor_30_exclude_2,4,-30,20.98,17.52,30.35,18.97,20.58,19.78,14.52,2.32,9.46,24.51,18.72,15.12,-9.29,10.96,12.33,19.21
no-cursor_30_exclude_2,5,-30,18.00,25.31,29.02,29.67,19.49,24.92,21.26,11.95,28.85,19.72,23.25,31.32,32.34,17.74,8.97,7.36
no-cursor_30_exclude_2,6,-30,25.99,18.70,27.37,31.23,14.04,24.16,15.75,16.99,23.48,18.16,15.39,10.80,7.10,7.67,13.24,19.86
no-cursor_30_exclude_2,7,-30,22.88,22.06,35.92,28.26,10.90,25.33,16.49,8.79,-4.52,9.32,12.85,10.91,-2.67,10.34,11.52,15.73
no-cursor_30_exclude_2,8,-30,-2.36,-2.09,35.88,36.56,17.67,16.48,15.28,5.71,13.89,27.20,23.23,8.30,-1.99,37.64,17.62,17.66
no-cursor_30_exclude_2,9,-30,27.47,21.70,32.18,16.39,18.43,22.53,24.71,11.61,10.89,12.09,19.98,9.50,27.28,20.52,9.81,16.68
no-cursor_30_include_2,1,-30,5.69,11.47,28.78,23.09,18.56,30.82,11.87,-1.38,-0.56,3.17,19.31,17.27,30.96,21.91,16.13,9.41
no-cursor_30_include_2,2,-30,10.94,18.81,10.38,24.31,30.02,11.89,24.84,-14.26,33.97,21.34,10.65,8.50,15.22,11.86,8.00,19.12
no-cursor_30_include_2,3,-30,21.23,12.99,23.55,21.02,38.34,10.90,21.61,26.31,21.40,11.77,14.14,13.19,11.98,28.59,22.13,14.36
no-cursor_30_include_2,4,-30,21.37,13.06,12.08,16.50,26.48,18.43,14.31,-11.93,27.56,4.83,10.83,8.09,25.84,14.09,14.70,11.07
no-cursor_30_include_2,5,-30,2.52,13.15,26.83,29.21,34.00,19.91,19.96,27.58,24.65,11.60,12.15,12.33,27.05,15.72,0.84,13.94
no-cursor_30_include_2,6,-30,15.79,14.63,14.71,28.58,34.96,16.32,16.21,-0.21,0.00,25.27,8.70,10.03,18.90,24.47,29.56,21.10
no-cursor_30_include_2,7,-30,10.74,12.21,18.89,19.35,28.09,14.76,20.96,-10.49,7.76,19.32,18.03,14.12,9.14,11.39,9.14,10.69
no-cursor_30_include_2,8,-30,17.00,9.17,12.49,18.17,33.75,22.43,17.69,23.35,14.99,11.48,-8.80,27.03,17.55,17.88,14.33,17.63
no-cursor_30_include_2,9,-30,3.05,11.59,22.58,23.55,37.09,13.77,17.89,5.12,7.66,12.59,10.57,20.62,8.52,8.76,11.23,19.38
rotated_training_45,1,-45,8.48,19.63,19.96,23.84,11.65,38.14,22.29,19.47,20.46,13.73,-9.08,21.14,14.41,27.66,16.83,10.70
rotated_training_45,2,-45,20.24,26.28,31.18,31.47,56.55,37.04,27.87,nan,35.09,34.87,23.40,-7.82,37.85,37.84,18.17,12.80
rotated_training_45,3,-45,35.64,41.68,22.93,32.21,-313.72,33.99,33.17,26.02,nan,44.14,26.82,20.06,29.05,29.74,31.36,22.13
rotated_training_45,4,-45,17.57,43.30,21.80,34.98,-305.35,43.28,35.77,25.17,45.84,-314.10,27.94,36.48,33.69,26.43,27.77,25.96
rotated_training_45,5,-45,30.96,40.84,38.21,28.98,28.56,44.11,37.37,28.24,24.86,22.69,34.75,27.85,48.67,33.39,27.04,30.61
rotated_training_45,6,-45,35.49,38.56,33.74,36.81,58.78,41.02,35.12,21.73,15.42,30.67,36.09,28.68,38.02,29.41,28.33,27.36
rotated_training_45,7,-45,42.49,37.98,43.79,32.33,52.38,45.00,31.79,13.02,17.34,34.80,44.21,28.36,51.69,32.15,25.51,37.61
rotated_training_45,8,-45,25.71,29.25,41.54,40.40,-310.24,-313.78,40.33,36.83,42.22,15.15,40.11,24.78,38.95,33.85,27.92,40.08
rotated_training_45,9,-45,32.01,38.48,33.27,29.02,44.70,40.56,28.81,30.56,24.28,39.86,34.84,25.51,34.54,22.17,28.63,25.70
rotated_training_45,10,-45,38.75,47.83,54.83,28.90,32.95,-310.81,44.14,35.31,nan,44.14,41.39,17.01,40.39,37.08,33.13,30.38
rotated_training_45,11,-45,26.95,41.72,36.65,36.59,48.21,43.11,29.93,34.05,-9.07,31.62,36.60,36.00,64.69,38.09,28.27,34.33
rotated_training_45,12,-45,32.45,26.09,40.50,35.13,55.30,45.61,32.96,28.30,24.25,37.35,42.11,35.44,32.28,21.10,29.56,30.45
rotated_training_45,13,-45,32.54,41.63,32.60,33.96,19.30,41.67,32.32,35.74,24.10,33.69,44.22,17.28,33.41,38.40,nan,35.12
rotated_training_45,14,-45,31.31,26.75,28.72,39.14,42.81,39.99,31.69,32.20,41.97,39.86,43.89,31.06,20.67,28.73,24.84,36.70
rotated_training_45,15,-45,36.14,38.89,37.33,31.80,-305.49,43.84,nan,28.51,39.34,36.51,39.21,38.04,44.16,30.82,28.67,34.67
rotated_training_45,16,-45,38.05,46.87,28.98,42.85,46.73,38.61,31.04,38.47,26.24,38.03,42.56,32.96,51.18,37.46,27.43,38.46
rotated_training_45,17,-45,35.04,41.42,41.21,45.84,53.13,43.52,30.39,40.12,20.39,36.47,42.31,34.26,38.05,33.94,35.88,39.99
rotated_training_45,18,-45,23.31,36.87,41.94,44.41,-309.05,41.48,40.35,28.81,35.47,-306.72,55.14,34.01,41.13,24.38,40.45,36.27
rotated_training_45,19,-45,33.19,23.62,35.85,40.29,49.71,-312.29,34.36,33.20,23.81,37.46,44.41,31.03,37.51,29.79,37.98,39.23
rotated_training_45,20,-45,34.45,43.00,29.24,42.06,51.29,41.46,32.92,34.11,22.40,-310.24,nan,39.37,48.67,32.88,30.83,38.40
rotated_training_45,21,-45,38.50,nan,20.82,26.40,-313.26,45.42,38.31,34.31,15.74,35.98,44.70,36.75,43.04,40.40,33.10,40.67
rotated_training_45,22,-45,28.94,38.99,40.93,41.74,-305.12,-308.82,39.89,34.70,25.38,41.73,50.74,30.43,56.13,42.05,42.17,43.77
rotated_training_45,23,-45,33.37,45.00,34.72,44.10,51.95,43.96,36.07,39.13,30.63,30.96,45.20,36.91,41.30,31.25,37.58,36.64
rotated_training_45,24,-45,27.99,46.67,35.04,40.28,53.77,35.79,29.34,32.09,25.41,32.04,42.14,35.25,45.21,33.16,36.93,39.78
rotated_training_45,25,-45,37.72,nan,35.36,47.55,45.84,44.69,31.76,31.98,20.88,39.35,24.48,34.20,55.21,27.70,30.42,44.14
rotated_training_45,26,-45,37.15,48.45,40.45,40.05,44.82,-310.81,33.37,36.35,10.01,43.54,42.75,27.66,40.87,38.16,31.73,nan
rotated_training_45,27,-45,30.32,38.28,35.41,nan,-312.52,46.05,39.57,38.08,49.01,-311.97,46.43,39.34,47.69,31.11,31.32,45.29
rotated_training_45,28,-45,39.21,nan,37.50,39.62,46.62,46.04,36.16,32.94,20.56,44.40,70.41,32.50,39.75,nan,24.30,40.14
rotated_training_45,29,-45,26.57,41.74,27.23,33.51,27.83,46.17,41.37,44.72,25.50,36.19,40.83,38.63,33.99,28.74,31.71,36.31
rotated_training_45,30,-45,32.41,50.58,46.89,36.52,42.63,-312.87,37.75,36.18,49.24,43.41,45.87,36.01,59.04,36.00,36.03,37.00
rotated_training_45,31,-45,41.97,44.71,41.86,36.52,50.83,38.50,39.43,36.56,28.38,-309.05,44.75,43.30,40.69,36.71,24.41,44.72
rotated_training_45,32,-45,31.98,46.75,43.90,37.65,35.54,37.48,38.98,33.30,28.76,34.08,46.61,nan,38.19,39.08,25.22,32.56
rotated_training_45,33,-45,37.42,55.53,31.66,39.66,30.15,38.96,41.61,34.62,25.80,37.29,46.25,38.27,32.93,31.79,38.62,40.43
rotated_training_45,34,-45,39.38,39.77,35.94,38.66,45.60,44.40,41.51,38.29,31.53,-309.51,40.02,44.20,34.14,52.16,40.74,39.61
rotated_training_45,35,-45,36.07,50.03,47.12,39.04,47.21,35.24,32.82,37.32,28.78,39.58,40.77,36.27,39.06,35.16,35.36,40.88
rotated_training_45,36,-45,nan,31.77,40.03,38.53,-306.63,41.56,40.65,33.32,41.21,38.88,41.54,35.49,37.92,25.70,35.67,42.03
rotated_training_45,37,-45,32.36,32.28,40.95,67.36,44.44,44.02,34.34,34.64,12.15,39.23,47.76,36.75,40.02,32.77,27.14,42.48
rotated_training_45,38,-45,40.60,34.80,32.09,33.24,49.10,41.77,41.35,33.89,43.51,39.88,42.27,43.36,33.23,31.31,30.90,29.62
rotated_training_45,39,-45,21.16,41.54,36.59,38.22,-300.90,39.83,34.35,24.24,36.03,-312.81,40.14,43.67,33.69,27.72,38.58,39.40
rotated_training_45,40,-45,34.40,48.98,34.89,39.49,46.18,43.19,38.76,37.39,51.80,39.04,41.09,37.57,36.95,nan,34.57,nan
rotated_training_45,41,-45,41.55,nan,29.52,39.73,40.64,43.74,17.78,38.22,35.06,-313.58,38.70,41.29,44.62,35.77,42.18,40.89
rotated_training_45,42,-45,32.61,51.25,38.37,39.47,45.64,44.70,34.23,29.85,31.41,39.32,38.05,42.41,36.71,23.84,19.39,45.98
rotated_training_45,43,-45,42.59,37.48,45.30,45.00,35.19,40.49,42.61,37.84,42.50,34.22,35.49,38.21,47.11,28.47,30.12,35.57
rotated_training_45,44,-45,37.54,33.23,52.65,37.52,45.00,42.93,34.75,19.96,32.75,45.00,26.95,35.74,35.36,36.70,31.78,44.40
rotated_training_45,45,-45,46.46,40.33,30.60,40.96,56.63,46.25,35.87,32.56,29.54,44.15,34.79,36.54,29.66,37.90,18.10,36.79
no-cursor_45_exclude,1,-45,27.79,34.10,43.07,41.96,28.56,26.38,24.69,19.44,7.41,16.03,22.04,38.43,31.40,22.74,38.66,32.38
no-cursor_45_exclude,2,-45,31.79,21.72,24.65,37.10,33.20,15.03,12.45,15.52,16.08,25.29,22.85,30.12,10.80,27.26,23.91,24.38
no-cursor_45_exclude,3,-45,22.51,25.77,24.36,34.48,33.19,30.03,19.28,25.72,24.42,31.91,12.57,28.19,8.39,-313.77,-301.23,18.18
no-cursor_45_exclude,4,-45,30.64,26.12,25.67,32.12,37.33,26.98,17.73,21.72,23.68,18.72,21.73,23.67,-0.50,23.72,26.15,31.57
no-cursor_45_exclude,5,-45,16.48,23.06,20.90,23.96,30.26,32.28,26.44,21.84,5.44,19.32,32.78,20.42,29.43,-311.57,24.47,19.97
no-cursor_45_exclude,6,-45,20.08,22.47,45.82,33.47,27.37,18.30,20.32,16.14,18.91,30.11,17.15,18.82,25.98,10.55,26.57,21.80
no-cursor_45_exclude,7,-45,14.76,11.15,23.20,33.52,32.92,17.23,15.58,18.90,18.19,27.39,17.20,14.33,7.76,21.80,22.01,22.34
no-cursor_45_exclude,8,-45,7.92,31.25,36.31,28.98,15.03,22.36,17.90,9.28,18.08,27.34,12.68,29.93,32.22,39.39,12.08,23.07
no-cursor_45_exclude,9,-45,22.47,18.81,45.31,28.86,28.38,26.70,18.53,26.19,13.50,22.88,31.68,22.73,10.91,23.98,22.44,24.99
no-cursor_45_include,1,-45,36.99,27.62,30.84,27.37,-310.78,11.20,21.99,19.24,-14.32,26.39,17.28,15.73,15.05,28.10,13.24,17.52
no-cursor_45_include,2,-45,13.43,26.43,33.20,25.75,63.30,26.37,25.69,-9.09,13.61,-3.25,3.92,13.32,34.26,24.00,20.65,17.37
no-cursor_45_include,3,-45,15.95,4.46,14.44,28.59,61.59,22.08,29.30,-16.41,41.62,20.73,21.04,22.76,32.72,10.77,-15.18,16.16
no-cursor_45_include,4,-45,12.44,20.11,6.65,32.49,45.29,27.90,28.06,-7.91,26.73,8.72,-1.50,20.21,37.71,11.56,13.54,14.70
no-cursor_45_include,5,-45,24.34,27.61,31.63,38.69,51.01,21.75,29.17,-22.13,-0.57,34.59,12.57,26.69,22.68,73.82,22.90,21.67
no-cursor_45_include,6,-45,5.19,24.47,29.74,26.75,-313.01,20.06,7.47,19.95,17.01,-6.25,8.51,14.08,25.51,20.65,19.36,18.43
no-cursor_45_include,7,-45,18.19,17.40,42.73,26.01,-306.06,21.72,4.80,23.56,9.33,1.46,15.22,1.05,20.58,31.33,21.18,20.89
no-cursor_45_include,8,-45,23.80,9.99,36.27,25.46,60.77,26.30,26.96,5.29,10.40,25.25,38.69,12.63,25.47,17.21,24.97,19.73
no-cursor_45_include,9,-45,16.37,23.90,14.57,27.19,61.50,32.97,22.22,-9.42,-0.21,19.69,29.85,17.59,29.57,16.70,20.92,15.92
rotated_training_45_2,1,-45,33.75,25.42,32.11,33.38,22.26,38.61,28.10,22.03,14.38,37.95,21.50,14.38,42.97,25.09,20.69,19.38
rotated_training_45_2,2,-45,30.01,32.49,29.01,39.05,63.34,31.91,21.40,31.01,26.29,41.13,34.66,19.20,40.17,31.59,26.32,29.52
rotated_training_45_2,3,-45,31.69,37.81,32.20,29.59,41.16,34.04,34.01,33.86,34.62,-311.02,50.25,33.02,47.31,38.01,34.13,33.77
rotated_training_45_2,4,-45,33.61,27.57,30.90,41.27,49.94,38.66,38.33,37.87,17.46,34.70,47.53,32.64,44.18,40.04,34.99,18.17
rotated_training_45_2,5,-45,39.91,44.79,34.03,37.09,-314.10,42.63,39.05,33.85,39.81,41.61,42.44,36.16,37.71,19.49,21.64,36.66
rotated_training_45_2,6,-45,27.34,38.46,31.36,36.44,48.95,38.25,41.02,29.91,37.17,-314.42,43.57,36.59,35.72,29.85,36.05,38.35
rotated_training_45_2,7,-45,22.87,37.33,31.74,29.54,51.88,44.09,28.69,34.60,42.92,-314.12,nan,34.25,54.37,29.86,21.99,38.84
rotated_training_45_2,8,-45,25.25,32.32,34.59,31.15,30.62,43.94,33.30,33.80,13.80,41.13,44.80,33.63,40.74,43.82,35.07,38.51
rotated_training_45_2,9,-45,31.42,36.10,30.44,42.36,44.69,41.37,36.06,28.74,35.68,44.71,52.54,36.95,34.39,36.58,45.63,35.82
rotated_training_45_2,10,-45,34.18,29.37,46.36,47.76,31.33,42.59,32.61,34.02,38.69,40.14,43.26,39.56,42.46,36.50,37.72,42.03
rotated_training_45_2,11,-45,42.19,30.74,35.58,38.87,52.36,47.95,41.19,35.40,35.29,-310.71,52.49,35.91,41.02,28.30,39.85,38.48
rotated_training_45_2,12,-45,28.02,39.21,32.24,41.93,-313.60,45.61,21.21,37.23,29.52,39.96,27.01,51.39,57.22,32.70,35.13,34.10
rotated_training_45_2,13,-45,36.53,48.47,43.32,38.76,-312.88,36.21,32.13,37.94,35.22,42.64,47.14,32.59,39.81,25.59,26.69,31.31
rotated_training_45_2,14,-45,44.39,45.00,39.95,43.64,43.79,44.40,41.80,23.09,42.06,43.50,40.31,30.41,40.63,33.94,39.16,39.49
rotated_training_45_2,15,-45,25.23,31.65,33.06,38.75,51.12,43.08,32.51,33.44,24.82,39.18,31.17,34.94,45.61,35.04,40.16,40.77
rotated_training_45_2,16,-45,38.19,43.05,37.27,36.70,44.23,40.44,34.73,32.98,34.50,41.80,32.18,45.78,44.23,36.03,38.03,43.95
rotated_training_45_2,17,-45,40.72,38.25,39.60,40.13,54.13,48.56,51.75,35.69,43.05,45.81,41.44,41.93,37.25,33.61,36.44,45.90
rotated_training_45_2,18,-45,44.40,41.07,28.41,27.07,39.97,46.18,34.77,37.81,29.13,-311.78,48.30,31.53,36.13,nan,30.82,33.05
rotated_training_45_2,19,-45,11.48,43.15,33.77,51.88,33.63,47.98,35.68,36.45,31.33,35.39,42.64,43.95,44.43,36.03,16.34,39.42
rotated_training_45_2,20,-45,32.13,60.15,37.44,27.23,59.72,39.12,42.03,40.85,30.44,41.37,46.37,34.98,41.11,38.49,31.82,44.72
rotated_training_45_2,21,-45,40.29,40.58,37.48,46.74,54.59,nan,34.28,33.45,27.28,41.53,39.55,39.17,38.60,35.63,37.42,42.65
no-cursor_45_include_2,1,-45,37.82,18.66,35.85,47.15,36.59,25.82,7.82,32.74,1.81,25.08,23.20,28.53,30.00,11.39,31.98,21.31
no-cursor_45_include_2,2,-45,18.71,12.53,26.44,25.29,41.96,27.74,40.44,-6.17,13.12,33.86,33.33,33.13,30.34,-310.33,24.54,24.38
no-cursor_45_include_2,3,-45,20.10,25.03,6.34,44.11,52.31,24.58,31.29,22.26,39.85,13.22,45.75,29.46,30.12,27.90,20.37,17.84
no-cursor_45_include_2,4,-45,28.89,17.43,-1.15,31.91,42.79,37.11,29.11,2.34,38.69,35.27,27.88,20.48,18.15,29.64,19.05,21.23
no-cursor_45_include_2,5,-45,38.57,24.60,27.38,21.61,-312.22,33.81,14.87,7.33,4.37,34.96,19.50,35.86,15.82,33.69,22.03,20.83
no-cursor_45_include_2,6,-45,30.23,18.91,26.32,46.86,53.21,27.81,29.67,13.75,23.24,19.52,32.03,19.05,41.08,41.11,20.88,17.80
no-cursor_45_include_2,7,-45,22.59,22.81,37.15,13.49,54.20,25.89,45.61,-1.02,31.51,34.16,20.17,12.19,16.93,29.57,29.85,20.56
no-cursor_45_include_2,8,-45,27.51,-77.89,13.28,26.81,-306.87,30.54,15.08,27.32,18.04,25.81,22.60,19.94,34.95,21.10,20.98,18.31
no-cursor_45_include_2,9,-45,1.47,28.43,27.44,26.75,64.78,29.80,35.06,-7.77,43.47,20.95,17.43,24.13,15.44,33.39,15.12,17.74
no-cursor_45_exclude_2,1,-45,22.93,28.90,37.71,32.23,22.64,30.82,16.11,8.75,19.11,7.38,26.57,25.49,30.39,16.30,16.74,22.56
no-cursor_45_exclude_2,2,-45,29.51,15.64,2.84,37.93,22.52,19.39,20.40,13.70,14.13,20.89,21.20,17.69,4.87,40.40,31.22,23.79
no-cursor_45_exclude_2,3,-45,13.57,24.00,26.12,27.49,20.48,27.22,23.25,14.32,31.09,31.17,11.11,28.61,-2.55,23.57,26.41,20.40
no-cursor_45_exclude_2,4,-45,25.02,9.17,44.70,26.79,26.47,28.00,18.00,-2.99,19.37,30.00,-11.36,22.65,26.75,27.49,19.98,19.63
no-cursor_45_exclude_2,5,-45,26.19,20.46,25.14,22.18,22.35,31.39,14.83,20.49,12.94,31.26,7.59,7.71,13.80,34.50,3.79,23.12
no-cursor_45_exclude_2,6,-45,12.23,19.46,3.01,22.47,20.36,31.69,17.56,20.53,16.90,24.20,16.80,17.48,7.27,29.43,20.65,18.68
no-cursor_45_exclude_2,7,-45,27.60,18.67,6.94,35.30,16.43,32.04,20.03,22.22,28.11,19.98,14.44,-0.19,-11.05,5.76,3.39,20.89
no-cursor_45_exclude_2,8,-45,19.78,12.90,36.68,16.39,23.72,23.77,28.85,15.43,13.99,20.53,20.66,19.05,21.23,-10.01,22.46,16.89
no-cursor_45_exclude_2,9,-45,4.73,32.37,39.99,19.65,22.95,27.90,13.39,18.00,1.48,18.03,31.62,18.19,1.30,32.53,19.91,23.37
rotated_training_60,1,-60,23.65,42.27,32.26,24.87,23.66,47.38,25.56,30.56,11.48,43.23,40.76,13.87,38.56,35.29,26.33,36.30
rotated_training_60,2,-60,48.95,43.20,38.34,7.77,-311.51,48.31,-311.48,25.56,31.50,45.87,34.77,52.61,65.09,41.13,38.31,36.32
rotated_training_60,3,-60,-295.25,50.05,44.70,45.00,69.61,-311.13,42.30,39.96,42.85,58.43,34.75,-308.09,42.80,42.65,33.53,39.69
rotated_training_60,4,-60,43.33,67.36,-310.21,50.16,59.64,41.53,42.71,43.08,52.72,52.95,46.38,42.99,40.87,54.57,15.67,49.67
rotated_training_60,5,-60,-307.44,49.73,31.04,43.55,-299.18,-306.48,-309.32,38.13,nan,51.44,47.54,49.81,40.50,41.46,36.50,43.77
rotated_training_60,6,-60,-0.86,-290.34,55.57,-312.93,60.95,55.89,45.86,44.42,31.32,-301.41,44.70,31.17,-308.05,42.58,54.02,49.24
rotated_training_60,7,-60,39.84,-304.14,64.60,32.59,-300.54,55.38,-314.12,39.99,43.89,51.57,-312.94,48.79,-302.62,45.63,34.71,50.07
rotated_training_60,8,-60,-299.97,47.63,44.18,-312.15,65.85,43.05,45.82,41.27,27.83,-304.53,44.02,43.30,65.56,-303.13,28.86,46.74
rotated_training_60,9,-60,22.12,51.97,45.00,41.85,60.79,43.81,55.18,42.92,38.75,39.53,44.40,-313.67,51.67,26.28,49.04,42.25
rotated_training_60,10,-60,45.00,-299.01,38.44,57.01,-301.84,49.79,42.42,45.19,42.56,57.33,49.81,37.52,85.02,-314.71,55.92,40.19
rotated_training_60,11,-60,43.22,48.98,47.15,57.53,66.49,-303.17,48.32,43.87,42.73,48.54,38.63,28.44,52.13,45.63,51.70,-308.88
rotated_training_60,12,-60,49.16,54.89,42.21,-304.51,48.83,56.48,53.87,42.71,21.98,-301.68,51.91,47.81,-310.83,43.26,45.00,52.39
rotated_training_60,13,-60,37.04,62.00,56.14,49.10,-304.29,-305.11,44.44,45.26,41.75,51.79,52.92,49.86,-303.41,39.35,52.28,47.21
rotated_training_60,14,-60,60.43,59.17,-306.36,-308.93,59.32,53.43,57.08,31.40,29.02,-303.28,42.95,-311.37,55.68,36.33,62.12,-302.31
rotated_training_60,15,-60,-311.04,-308.54,57.53,46.50,38.44,52.02,50.47,38.71,37.39,42.88,-310.99,46.70,63.92,38.54,44.13,57.30
rotated_training_60,16,-60,39.62,-305.64,55.44,53.91,-295.29,-310.51,-302.22,39.58,31.18,50.80,47.40,34.87,44.17,34.85,42.71,58.47
rotated_training_60,17,-60,1.29,48.87,56.76,-304.80,58.02,58.57,54.32,41.04,36.39,-300.89,55.43,48.09,33.99,-299.10,33.69,-299.48
rotated_training_60,18,-60,48.37,49.42,-313.90,57.60,62.25,62.68,54.11,38.22,55.03,45.21,-308.21,-306.38,64.46,24.84,46.64,45.00
rotated_training_60,19,-60,-299.01,-307.77,60.08,63.94,72.29,56.23,58.83,45.38,50.99,44.78,56.41,48.52,60.08,-312.03,56.31,48.98
rotated_training_60,20,-60,63.98,42.01,-305.77,58.24,67.11,-303.57,54.36,-311.11,34.33,55.85,41.06,43.53,68.53,47.48,36.64,49.61
rotated_training_60,21,-60,67.30,51.10,63.24,-302.47,-298.64,52.96,-304.23,44.75,40.03,-300.26,57.80,37.84,-304.82,41.61,49.88,-307.48
rotated_training_60,22,-60,58.82,54.15,-310.53,52.63,-295.43,54.11,-304.26,32.69,51.64,48.06,60.02,-313.21,57.65,-310.94,31.30,54.41
rotated_training_60,23,-60,39.21,-313.87,59.26,-306.15,56.83,55.98,57.78,39.27,24.58,-301.21,61.59,36.00,58.32,18.53,45.59,47.91
rotated_training_60,24,-60,-302.63,58.94,47.67,59.04,68.72,-302.74,43.73,40.15,25.75,50.83,35.63,52.95,-304.88,31.98,36.75,-300.82
rotated_training_60,25,-60,48.37,60.08,60.76,59.14,64.29,-304.94,62.12,50.35,33.17,57.39,44.60,49.24,51.67,32.75,nan,-302.16
rotated_training_60,26,-60,-305.63,-308.66,45.75,60.12,-299.58,56.99,-308.40,45.55,42.50,51.75,55.73,44.24,-298.17,-301.83,34.60,47.16
rotated_training_60,27,-60,51.91,46.82,-309.04,-302.05,88.80,59.53,47.69,-308.08,38.89,-304.12,39.63,-305.15,52.69,53.86,61.72,43.10
rotated_training_60,28,-60,-311.34,54.56,-296.00,55.18,-303.07,55.80,-309.49,41.91,62.34,51.25,45.00,-299.77,66.45,45.42,nan,43.17
rotated_training_60,29,-60,52.48,59.31,61.33,-305.21,55.99,-313.48,44.18,-308.07,nan,-294.73,43.79,54.81,-303.63,43.50,56.73,56.39
rotated_training_60,30,-60,52.84,-295.23,50.67,42.67,84.95,53.22,39.17,47.44,47.71,53.09,57.60,46.50,50.37,-4.68,53.84,50.57
rotated_training_60,31,-60,67.30,61.11,-308.29,71.05,-299.72,-308.43,-302.74,52.56,57.56,49.44,61.93,-312.78,42.61,41.33,48.56,45.74
rotated_training_60,32,-60,66.80,57.77,48.74,32.41,66.91,51.34,61.99,42.75,46.80,-311.09,34.10,51.15,31.63,43.92,47.14,58.26
rotated_training_60,33,-60,-313.16,-302.01,50.31,55.94,77.57,57.14,58.30,47.18,nan,58.78,46.22,42.81,39.26,-290.80,31.57,31.22
rotated_training_60,34,-60,-310.81,-296.15,-314.09,53.02,60.46,61.70,50.50,45.51,45.61,53.97,-310.82,41.85,63.07,-295.74,50.61,-304.45
rotated_training_60,35,-60,55.95,53.94,59.96,-303.69,-306.47,-302.63,-305.04,-308.72,35.04,-301.03,49.40,48.47,-312.21,52.28,44.71,57.33
rotated_training_60,36,-60,35.11,58.97,52.87,45.87,66.45,56.90,57.21,40.63,36.70,58.89,46.41,45.28,72.36,38.75,38.24,47.82
rotated_training_60,37,-60,59.04,-302.86,51.29,57.44,66.68,-300.53,58.79,50.07,39.64,48.03,53.09,56.16,60.68,50.69,39.59,45.00
rotated_training_60,38,-60,52.77,65.48,54.14,-302.01,63.15,53.67,69.20,43.28,62.13,-302.53,-309.86,45.00,53.58,49.62,55.92,-301.87
rotated_training_60,39,-60,-298.82,66.28,29.64,55.55,-308.63,58.45,-308.99,-305.13,42.09,55.29,53.69,-312.74,-308.50,37.34,59.83,45.60
rotated_training_60,40,-60,61.76,-307.84,55.86,55.69,-309.86,-305.13,-308.88,46.15,36.55,50.80,55.15,47.84,53.60,42.60,48.76,-306.47
rotated_training_60,41,-60,62.24,61.06,42.06,-303.80,51.07,52.70,56.14,-310.58,25.30,-303.29,49.58,-308.99,49.76,46.93,51.47,56.87
rotated_training_60,42,-60,-303.02,50.33,43.66,54.60,76.92,57.15,40.04,48.87,55.15,51.06,-308.47,50.65,44.20,39.05,41.77,45.82
rotated_training_60,43,-60,-312.37,64.75,55.20,-305.84,61.31,-307.84,52.96,49.27,49.75,-301.61,32.70,61.45,62.84,45.88,48.63,61.23
rotated_training_60,44,-60,38.31,43.67,42.03,51.43,-298.53,42.90,45.00,32.38,61.87,49.14,55.49,-310.85,-303.85,-309.55,46.11,54.78
rotated_training_60,45,-60,48.84,53.89,55.32,59.48,64.98,52.34,53.37,38.98,nan,55.85,-307.44,60.40,64.78,51.20,nan,-305.18
no-cursor_60_include,1,-60,52.37,-312.87,42.05,45.00,82.26,32.37,39.53,9.74,29.17,5.73,31.17,-314.71,45.00,-314.09,56.10,30.04
no-cursor_60_include,2,-60,-291.76,42.66,40.04,39.41,77.35,34.26,19.75,16.39,17.76,22.26,25.36,27.17,41.58,32.99,27.11,19.47
no-cursor_60_include,3,-60,71.29,29.65,64.05,-314.08,-286.41,41.71,20.02,23.05,28.33,-310.19,19.95,39.33,64.54,34.78,10.38,27.14
no-cursor_60_include,4,-60,45.00,53.77,56.02,31.18,-279.71,35.91,26.21,11.10,17.82,43.80,31.01,20.56,5.74,35.04,71.06,26.70
no-cursor_60_include,5,-60,27.87,31.43,33.34,37.00,71.57,36.03,38.99,40.12,26.82,4.75,19.60,22.59,15.86,-307.17,35.58,22.28
no-cursor_60_include,6,-60,-310.87,24.44,4.73,30.91,60.40,25.37,41.22,22.59,18.94,30.86,16.53,31.71,38.15,33.10,23.15,23.01
no-cursor_60_include,7,-60,57.05,40.51,34.56,43.14,62.51,34.99,49.24,27.72,21.07,30.08,24.84,10.08,41.88,21.45,29.97,27.69
no-cursor_60_include,8,-60,-314.70,29.29,44.10,26.47,64.77,32.97,42.03,16.49,21.61,37.34,27.96,23.20,49.47,33.10,21.88,28.45
no-cursor_60_include,9,-60,62.95,30.46,24.15,49.86,-301.71,30.39,12.87,-3.64,20.13,33.69,13.83,26.57,2.99,31.77,13.50,29.08
no-cursor_60_exclude,1,-60,14.74,26.12,30.07,37.87,13.05,24.97,18.43,16.03,-2.14,3.32,8.37,37.94,3.32,28.49,15.58,29.37
no-cursor_60_exclude,2,-60,25.69,20.22,34.80,19.38,37.00,38.28,27.77,1.77,31.59,-312.55,11.76,20.26,26.12,18.73,38.11,16.43
no-cursor_60_exclude,3,-60,25.56,36.92,39.00,37.16,28.43,33.28,14.54,27.80,9.33,34.11,43.03,27.47,-1.69,37.87,14.76,22.38
no-cursor_60_exclude,4,-60,37.08,39.39,29.34,28.38,24.51,30.74,19.50,16.47,-2.34,24.92,30.96,22.54,0.57,26.06,35.81,12.48
no-cursor_60_exclude,5,-60,21.99,24.21,22.77,38.37,21.41,26.08,28.04,18.70,-307.72,28.66,34.16,28.00,39.94,34.08,15.26,24.41
no-cursor_60_exclude,6,-60,17.22,26.82,46.18,36.53,23.56,30.54,35.87,27.10,17.61,-309.35,21.54,16.39,-1.48,35.63,30.90,29.02
no-cursor_60_exclude,7,-60,20.03,33.39,42.45,32.29,24.18,31.88,28.09,10.23,6.83,39.96,26.85,21.66,-5.22,36.43,33.69,20.45
no-cursor_60_exclude,8,-60,27.16,24.20,19.73,27.37,23.83,36.70,33.30,26.13,14.85,27.58,13.27,26.31,13.21,28.21,22.92,27.49
no-cursor_60_exclude,9,-60,25.19,27.80,30.19,35.89,15.03,34.70,23.09,20.58,9.96,29.63,23.96,31.49,33.11,29.05,10.81,21.68
rotated_training_60_2,1,-60,37.87,-312.08,39.70,39.89,40.16,50.38,35.78,41.55,42.64,45.00,27.90,20.14,60.54,36.27,29.88,23.39
rotated_training_60_2,2,-60,38.66,38.93,46.44,41.99,76.10,53.77,39.54,33.24,52.52,56.39,44.39,47.86,51.87,-298.05,38.10,35.10
rotated_training_60_2,3,-60,57.66,48.39,44.70,-310.46,-298.63,-305.34,-307.91,43.33,44.10,-294.55,59.64,37.06,-296.74,37.54,20.34,35.58
rotated_training_60_2,4,-60,50.48,51.78,56.67,-308.76,-300.76,58.73,-303.81,39.84,56.99,-299.05,56.53,44.70,61.37,52.28,48.68,46.75
rotated_training_60_2,5,-60,50.27,-296.66,57.14,39.83,38.10,53.00,50.50,37.23,37.87,56.67,41.41,45.84,69.78,-310.17,37.28,-307.80
rotated_training_60_2,6,-60,-306.48,42.44,-304.03,52.77,64.57,-310.16,46.89,-312.29,22.04,61.39,-306.50,-305.67,-310.97,50.36,36.17,50.12
rotated_training_60_2,7,-60,44.70,57.63,-299.09,43.04,69.16,58.15,39.37,45.75,41.58,54.91,51.79,-311.55,53.62,-306.01,40.57,53.81
rotated_training_60_2,8,-60,40.02,-310.72,61.15,49.40,-296.83,-303.99,-305.10,-310.79,42.15,55.06,-303.39,49.88,-310.52,51.43,42.77,-309.40
rotated_training_60_2,9,-60,55.03,52.27,58.60,-313.82,67.31,55.25,51.90,40.88,33.39,-307.43,67.90,44.09,70.64,49.91,nan,47.75
rotated_training_60_2,10,-60,-303.63,50.34,57.18,-313.48,-289.33,-303.05,45.00,48.56,43.17,-298.61,52.43,28.59,61.16,42.63,48.44,-314.69
rotated_training_60_2,11,-60,35.68,-313.51,-312.89,34.38,66.00,58.93,57.30,55.41,15.74,44.70,-313.67,33.08,65.32,44.80,34.35,47.86
rotated_training_60_2,12,-60,49.18,60.80,61.34,36.45,71.66,42.45,55.48,-314.74,49.75,47.26,56.63,39.02,-303.54,52.31,nan,46.95
rotated_training_60_2,13,-60,59.18,60.60,59.79,47.93,65.45,-308.29,65.31,60.15,35.05,55.97,67.99,40.73,-304.32,-310.11,16.14,54.12
rotated_training_60_2,14,-60,39.99,-309.83,46.57,-310.79,69.07,58.67,52.10,-309.83,39.23,-307.34,119.74,35.95,65.33,37.91,49.19,59.60
rotated_training_60_2,15,-60,-313.26,52.95,-313.36,61.26,-301.42,63.53,-300.75,46.67,nan,50.96,43.40,39.37,67.86,46.64,28.30,-301.89
rotated_training_60_2,16,-60,-299.97,55.70,55.83,55.09,69.67,52.95,59.11,48.04,42.90,58.54,62.95,32.92,44.81,-302.72,46.50,58.74
rotated_training_60_2,17,-60,56.31,63.81,42.23,57.80,57.84,-302.82,46.26,-309.70,25.09,59.61,44.13,37.68,-312.56,39.45,56.61,-303.63
rotated_training_60_2,18,-60,45.61,-307.72,-307.50,-301.71,-299.13,58.68,-298.64,43.15,34.75,-297.23,55.67,-298.59,51.52,55.93,44.14,51.69
rotated_training_60_2,19,-60,-313.88,59.85,56.20,58.74,61.90,-306.74,48.20,49.19,nan,52.82,39.55,53.64,-306.16,40.83,45.00,55.89
rotated_training_60_2,20,-60,62.92,48.79,28.33,-309.91,64.40,61.11,53.19,48.27,50.19,-295.63,-313.28,-296.57,58.81,41.24,52.06,-303.80
rotated_training_60_2,21,-60,42.59,-297.53,45.20,39.96,-305.49,53.25,-297.40,-312.18,39.98,52.83,76.59,49.01,74.43,-299.05,36.21,40.54
no-cursor_60_exclude_2,1,-60,10.25,36.71,33.62,40.51,25.31,39.17,13.10,12.71,27.18,33.37,10.46,21.29,29.91,14.63,36.36,26.69
no-cursor_60_exclude_2,2,-60,25.62,24.20,12.74,53.13,27.96,24.97,26.39,23.53,3.74,22.29,31.06,-313.77,7.58,35.04,37.39,37.59
no-cursor_60_exclude_2,3,-60,21.37,13.27,42.24,38.31,36.22,42.69,31.48,15.32,21.71,32.54,11.62,17.16,-5.26,33.25,27.73,21.90
no-cursor_60_exclude_2,4,-60,22.15,32.50,43.95,41.00,31.56,40.90,23.87,20.19,27.63,32.45,14.76,30.51,16.03,24.71,33.29,38.30
no-cursor_60_exclude_2,5,-60,18.18,19.55,22.18,40.84,28.66,44.70,34.84,18.04,11.69,13.03,29.59,38.56,5.19,39.60,26.98,27.77
no-cursor_60_exclude_2,6,-60,25.20,31.04,45.00,-312.69,23.51,41.69,19.30,17.41,35.30,36.57,14.50,24.44,23.56,19.75,27.59,23.33
no-cursor_60_exclude_2,7,-60,29.19,21.37,-4.37,45.55,20.92,38.63,21.50,18.05,28.65,33.53,10.44,36.23,11.65,21.50,16.42,20.87
no-cursor_60_exclude_2,8,-60,16.48,15.03,32.03,36.79,19.40,35.78,29.24,15.12,4.78,37.70,23.78,30.48,33.98,33.27,26.38,23.59
no-cursor_60_exclude_2,9,-60,30.96,25.98,49.00,37.75,16.48,46.50,26.32,25.06,23.25,28.19,21.64,21.19,-0.89,30.76,3.43,34.00
no-cursor_60_include_2,1,-60,59.04,16.88,106.00,31.08,57.20,32.76,24.70,21.77,18.87,-6.86,23.82,8.03,55.56,26.08,0.00,24.41
no-cursor_60_include_2,2,-60,61.11,16.70,39.25,-312.30,71.81,25.91,42.65,14.04,-4.06,44.15,25.84,16.02,48.63,-138.26,23.96,28.86
no-cursor_60_include_2,3,-60,40.24,32.16,24.95,35.97,-274.76,36.75,31.79,13.42,-0.21,35.43,20.10,32.35,14.27,25.00,14.16,25.63
no-cursor_60_include_2,4,-60,42.37,26.05,39.25,40.54,-283.17,37.23,33.58,6.79,27.01,37.82,14.23,25.94,36.76,25.69,22.94,23.99
no-cursor_60_include_2,5,-60,55.47,23.64,43.82,31.61,60.28,47.08,64.29,24.41,7.82,30.48,17.19,24.09,48.32,25.84,46.51,17.49
no-cursor_60_include_2,6,-60,39.88,27.26,35.40,35.45,77.70,40.76,45.20,12.32,21.23,12.23,18.31,14.18,53.85,37.54,21.59,21.25
no-cursor_60_include_2,7,-60,49.73,14.51,39.37,37.35,69.97,41.70,35.90,17.84,9.81,14.68,21.04,28.73,-304.72,-13.80,36.52,21.41
no-cursor_60_include_2,8,-60,42.77,26.45,38.17,31.28,72.07,-310.51,72.52,20.80,52.20,45.00,26.39,21.95,49.70,38.16,10.03,20.56
no-cursor_60_include_2,9,-60,67.90,29.83,22.18,38.13,42.93,37.53,29.02,12.53,20.89,33.27,6.54,28.85,52.70,27.77,28.42,26.57
